Student_ID,Student_Age,Sex,High_School_Type,Scholarship,Additional_Work,Sports_activity,Transportation,Weekly_Study_Hours,Attendance,Reading,Notes,Listening_in_Class,Project_work,Grade
STUDENT1,18,Male,State,50%,No,No,Bus,0,Always,No,No,Yes,Yes,DD
STUDENT2,18,Male,State,50%,No,No,Private,0,Always,Yes,No,No,No,DD
STUDENT3,23-27,Male,State,75%,Yes,Yes,Private,12,Never,No,No,Yes,Yes,BA
STUDENT4,18,Male,State,75%,No,Yes,Private,0,Always,No,No,No,Yes,DD
STUDENT5,18,Female,Other,75%,No,No,Private,0,Always,No,Yes,Yes,No,DC
STUDENT6,18,Male,State,100%,Yes,No,Bus,0,Never,No,No,Yes,No,AA
STUDENT7,18,Male,State,50%,No,No,Bus,0,Always,No,No,Yes,Yes,DD
STUDENT8,19-22,Female,State,50%,Yes,Yes,Bus,0,Sometimes,Yes,Yes,Yes,No,Fail
STUDENT9,18,Male,State,75%,No,No,Private,0,Always,Yes,No,No,No,DD
STUDENT10,19-22,Male,State,50%,No,Yes,Private,2,Always,Yes,No,No,Yes,DC
STUDENT11,19-22,Female,State,100%,No,No,Private,0,Always,Yes,Yes,Yes,No,AA
STUDENT12,19-22,Male,State,50%,No,No,Private,0,Never,No,No,No,Yes,DD
STUDENT13,18,Male,Private,75%,No,No,Bus,12,Always,No,Yes,Yes,No,DD
STUDENT14,18,Female,State,50%,Yes,Yes,Private,0,Always,Yes,Yes,No,No,AA
STUDENT15,19-22,Female,State,50%,Yes,No,Private,2,Always,Yes,Yes,Yes,No,AA
STUDENT16,19-22,Male,Other,50%,Yes,No,Private,0,Always,Yes,No,Yes,Yes,AA
STUDENT17,19-22,Male,State,50%,No,Yes,Private,2,Always,Yes,No,No,Yes,DC
STUDENT18,19-22,Male,State,50%,Yes,Yes,Bus,2,Sometimes,No,No,Yes,Yes,AA
STUDENT19,18,Female,State,50%,Yes,Yes,Private,0,Always,Yes,Yes,Yes,No,BB
STUDENT20,18,Male,State,100%,Yes,No,Bus,0,Never,No,No,Yes,No,AA
STUDENT21,19-22,Male,State,50%,Yes,Yes,Private,0,Always,Yes,Yes,No,No,CB
STUDENT22,18,Male,State,100%,No,No,Bus,0,Never,No,No,No,No,AA
STUDENT23,18,Male,State,75%,No,Yes,Bus,0,Always,Yes,Yes,No,Yes,DC
STUDENT24,18,Male,State,50%,No,Yes,Bus,0,Always,No,No,Yes,No,AA
STUDENT25,23-27,Male,State,50%,No,No,Bus,12,Always,Yes,Yes,Yes,No,BB
STUDENT26,23-27,Male,State,75%,Yes,Yes,Private,12,Never,No,No,Yes,Yes,BA
STUDENT27,19-22,Male,State,50%,No,No,Bus,2,Sometimes,Yes,Yes,Yes,Yes,AA
STUDENT28,18,Female,State,75%,Yes,Yes,Private,0,Always,No,Yes,Yes,No,DC
STUDENT29,19-22,Male,State,50%,No,No,Private,12,Never,No,Yes,No,Yes,BB
STUDENT30,19-22,Male,State,75%,No,No,Bus,2,Always,Yes,Yes,Yes,No,CC
STUDENT31,18,Female,State,50%,Yes,Yes,Private,0,Always,Yes,Yes,No,No,AA
STUDENT32,19-22,Male,State,50%,No,No,Bus,2,Sometimes,Yes,Yes,Yes,Yes,AA
STUDENT33,18,Female,State,75%,No,Yes,Private,0,Sometimes,No,Yes,Yes,Yes,AA
STUDENT34,18,Male,State,100%,Yes,No,Bus,0,Never,No,No,Yes,No,AA
STUDENT35,18,Male,State,50%,No,Yes,Bus,0,Always,No,Yes,Yes,Yes,DC
STUDENT36,19-22,Male,State,50%,No,No,Private,0,Always,Yes,No,No,Yes,BA
STUDENT37,18,Female,Private,100%,No,Yes,Private,0,Sometimes,No,Yes,Yes,Yes,CB
STUDENT38,18,Male,State,75%,No,Yes,Bus,0,Always,Yes,Yes,No,Yes,DC
STUDENT39,19-22,Male,State,50%,No,Yes,Bus,0,Always,Yes,Yes,No,No,CC
STUDENT40,19-22,Female,State,100%,No,No,Private,0,Always,Yes,No,No,Yes,AA
STUDENT41,19-22,Female,Other,50%,No,Yes,Bus,0,Always,No,No,No,Yes,CC
STUDENT42,19-22,Male,State,50%,No,No,Private,0,Always,Yes,No,No,No,DC
STUDENT43,19-22,Female,State,50%,Yes,No,Private,2,Always,Yes,Yes,Yes,No,AA
STUDENT44,18,Female,State,50%,Yes,Yes,Private,0,Always,Yes,Yes,Yes,No,BB
STUDENT45,19-22,Male,Other,50%,No,No,Private,12,Always,Yes,Yes,No,Yes,DD
STUDENT46,19-22,Male,State,100%,Yes,Yes,Bus,0,Always,No,Yes,Yes,No,DC
STUDENT47,19-22,Male,State,50%,No,No,Private,2,Never,No,Yes,No,Yes,BA
STUDENT48,18,Female,State,50%,Yes,Yes,Bus,2,Sometimes,No,Yes,Yes,Yes,BA
STUDENT49,18,Male,Private,50%,No,No,Bus,2,Always,Yes,No,Yes,No,BA
STUDENT50,19-22,Female,State,50%,Yes,No,Bus,0,Sometimes,Yes,Yes,Yes,Yes,CB
STUDENT51,18,Male,Private,75%,No,No,Private,2,Never,Yes,No,Yes,Yes,BA
STUDENT52,18,Male,Private,75%,No,No,Bus,12,Always,No,Yes,Yes,No,DD
STUDENT53,18,Female,Private,100%,No,Yes,Private,0,Sometimes,No,Yes,Yes,Yes,CB
STUDENT54,19-22,Male,Other,50%,Yes,No,Private,0,Always,Yes,No,Yes,Yes,AA
STUDENT55,18,Female,State,100%,No,No,Bus,0,Always,Yes,Yes,Yes,Yes,BB
STUDENT56,19-22,Female,State,50%,No,Yes,Private,2,Always,Yes,Yes,Yes,No,CC
STUDENT57,18,Male,State,75%,Yes,Yes,Private,0,Always,Yes,No,No,No,DD
STUDENT58,18,Female,Private,50%,Yes,No,Bus,2,Always,No,Yes,No,No,AA
STUDENT59,19-22,Female,State,50%,No,Yes,Private,2,Always,Yes,Yes,Yes,No,CC
STUDENT60,18,Male,State,50%,No,No,Bus,0,Always,Yes,No,Yes,No,CB
STUDENT61,19-22,Female,State,100%,No,No,Private,0,Always,Yes,No,No,Yes,AA
STUDENT62,19-22,Male,State,50%,No,No,Bus,0,Always,Yes,No,No,No,DC
STUDENT63,19-22,Male,State,50%,No,No,Bus,0,Always,No,Yes,Yes,Yes,BB
STUDENT64,23-27,Male,State,75%,Yes,Yes,Private,12,Never,No,No,Yes,Yes,BA
STUDENT65,19-22,Female,State,50%,No,No,Bus,0,Always,No,Yes,Yes,Yes,AA
STUDENT66,23-27,Male,State,50%,Yes,No,Private,0,Always,No,Yes,No,No,BB
STUDENT67,19-22,Male,State,50%,No,No,Private,2,Never,No,Yes,No,Yes,BA
STUDENT68,19-22,Female,State,50%,Yes,No,Private,2,Always,Yes,Yes,Yes,No,AA
STUDENT69,23-27,Male,State,25%,Yes,Yes,Private,12,Always,Yes,Yes,No,No,AA
STUDENT70,19-22,Female,Other,50%,No,No,Private,12,Always,Yes,No,No,No,AA
STUDENT71,18,Male,Private,50%,No,No,Private,2,Always,Yes,No,Yes,Yes,AA
STUDENT72,23-27,Male,State,75%,Yes,Yes,Private,12,Never,No,No,Yes,Yes,BA
STUDENT73,19-22,Male,Other,50%,No,No,Bus,0,Always,Yes,Yes,Yes,Yes,AA
STUDENT74,19-22,Male,Other,100%,No,No,Private,0,Always,Yes,No,No,Yes,BB
STUDENT75,18,Male,State,75%,No,Yes,Bus,0,Always,Yes,Yes,No,Yes,DC
STUDENT76,18,Male,State,75%,No,Yes,Bus,0,Always,Yes,Yes,Yes,Yes,DD
STUDENT77,19-22,Female,Other,50%,No,Yes,Bus,0,Always,No,No,No,Yes,CC
STUDENT78,19-22,Male,State,50%,No,Yes,Private,2,Always,Yes,No,No,Yes,DC
STUDENT79,18,Female,State,75%,No,Yes,Bus,0,Never,No,No,No,Yes,Fail
STUDENT80,19-22,Female,State,50%,Yes,Yes,Private,0,Never,No,No,Yes,Yes,BA
STUDENT81,19-22,Male,State,50%,No,No,Private,0,Never,No,No,Yes,Yes,BB
STUDENT82,18,Female,State,75%,Yes,Yes,Bus,12,Sometimes,No,No,Yes,Yes,Fail
STUDENT83,19-22,Female,State,50%,Yes,No,Bus,0,Sometimes,Yes,Yes,Yes,Yes,CB
STUDENT84,19-22,Female,State,50%,Yes,Yes,Private,0,Never,No,No,Yes,Yes,BA
STUDENT85,19-22,Female,State,50%,No,No,Private,2,Always,Yes,No,No,Yes,AA
STUDENT86,18,Male,State,100%,No,Yes,Private,0,Always,Yes,No,Yes,Yes,BA
STUDENT87,19-22,Male,Private,50%,No,No,Bus,12,Always,Yes,No,Yes,Yes,AA
STUDENT88,18,Male,Private,50%,No,No,Private,2,Always,Yes,No,Yes,Yes,AA
STUDENT89,18,Male,Private,50%,Yes,No,Private,0,Always,Yes,Yes,Yes,No,AA
STUDENT90,18,Female,State,75%,No,Yes,Private,0,Sometimes,No,Yes,Yes,Yes,AA
STUDENT91,18,Female,Other,75%,No,No,Private,0,Always,No,Yes,Yes,No,DC
STUDENT92,18,Female,Private,75%,Yes,Yes,Private,8,Sometimes,No,Yes,No,Yes,Fail
STUDENT93,19-22,Female,State,50%,No,No,Private,2,Always,Yes,No,No,Yes,AA
STUDENT94,19-22,Male,State,50%,No,No,Bus,0,Always,No,Yes,Yes,Yes,BB
STUDENT95,18,Male,Other,50%,No,Yes,Private,2,Always,No,Yes,Yes,No,CC
STUDENT96,19-22,Male,Other,75%,Yes,No,Bus,12,Always,Yes,Yes,Yes,Yes,BA
STUDENT97,18,Male,State,75%,No,Yes,Private,0,Never,No,No,No,Yes,DD
STUDENT98,18,Male,Private,75%,No,No,Bus,12,Always,No,Yes,Yes,No,DD
STUDENT99,18,Male,Private,50%,No,No,Bus,2,Always,Yes,No,Yes,No,BA
STUDENT100,18,Male,State,75%,No,No,Private,0,Sometimes,No,Yes,Yes,Yes,DC
STUDENT101,18,Female,State,50%,Yes,Yes,Private,0,Always,Yes,Yes,No,No,AA
STUDENT102,19-22,Male,Other,50%,Yes,No,Private,0,Always,Yes,Yes,No,No,AA
STUDENT103,19-22,Male,Private,50%,No,No,Bus,12,Always,Yes,No,Yes,Yes,AA
STUDENT104,18,Female,State,75%,No,No,Private,0,Never,No,Yes,Yes,No,CC
STUDENT105,18,Male,State,50%,No,No,Bus,0,Always,No,No,Yes,Yes,DD
STUDENT106,19-22,Male,State,50%,No,Yes,Bus,0,Always,Yes,Yes,No,No,AA
STUDENT107,18,Female,State,50%,Yes,Yes,Bus,0,Sometimes,No,No,Yes,No,Fail
STUDENT108,23-27,Male,State,75%,Yes,Yes,Private,12,Never,No,No,Yes,Yes,BA
STUDENT109,19-22,Male,State,50%,No,No,Private,0,Always,Yes,No,No,No,DC
STUDENT110,23-27,Male,State,50%,Yes,No,Private,2,Always,No,Yes,No,Yes,AA
STUDENT111,19-22,Female,Other,50%,No,No,Private,12,Always,Yes,No,No,No,AA
STUDENT112,19-22,Male,State,50%,No,No,Private,0,Never,No,No,Yes,Yes,BB
STUDENT113,18,Male,Other,100%,Yes,Yes,Bus,0,Sometimes,No,No,No,Yes,CC
STUDENT114,19-22,Female,Other,50%,Yes,Yes,Private,0,Always,Yes,Yes,No,No,CB
STUDENT115,18,Male,Other,100%,Yes,Yes,Bus,0,Sometimes,No,No,No,Yes,CC
STUDENT116,18,Female,Private,100%,No,Yes,Private,0,Sometimes,No,Yes,Yes,Yes,CB
STUDENT117,18,Female,Private,75%,No,No,Private,0,Always,Yes,No,No,No,AA
STUDENT118,23-27,Male,State,50%,No,No,Bus,0,Never,No,No,No,No,BB
STUDENT119,18,Male,Private,75%,No,No,Private,12,Always,Yes,Yes,No,No,AA
STUDENT120,18,Female,Private,75%,No,No,Private,0,Always,Yes,No,No,No,Fail
STUDENT121,18,Male,State,75%,No,Yes,Bus,0,Always,Yes,Yes,Yes,Yes,DD
STUDENT122,18,Male,State,100%,No,No,Private,2,Always,Yes,Yes,Yes,No,CB
STUDENT123,18,Male,Private,50%,Yes,No,Private,0,Always,Yes,Yes,Yes,No,AA
STUDENT124,18,Male,State,50%,No,No,Bus,12,Always,Yes,No,No,No,BA
STUDENT125,19-22,Male,Other,50%,No,No,Bus,0,Always,Yes,Yes,Yes,Yes,AA
STUDENT126,18,Male,Other,50%,No,Yes,Private,2,Always,No,Yes,Yes,No,CC
STUDENT127,18,Female,State,100%,No,No,Bus,0,Always,Yes,Yes,Yes,Yes,BB
STUDENT128,18,Male,Private,50%,Yes,No,Private,0,Always,Yes,Yes,Yes,No,AA
STUDENT129,18,Male,Private,50%,Yes,No,Private,0,Always,Yes,Yes,Yes,No,AA
STUDENT130,18,Female,State,75%,Yes,Yes,Private,0,Always,No,Yes,Yes,No,DC
STUDENT131,18,Male,State,50%,No,No,Bus,0,Always,Yes,No,Yes,No,CB
STUDENT132,19-22,Male,Other,50%,No,No,Private,12,Always,Yes,Yes,No,Yes,DD
STUDENT133,19-22,Male,Other,75%,No,No,Private,0,Never,No,No,Yes,Yes,CC
STUDENT134,18,Male,State,75%,No,No,Private,0,Always,Yes,No,No,No,DD
STUDENT135,18,Female,State,75%,No,No,Private,0,Never,No,No,No,Yes,AA
STUDENT136,19-22,Male,State,100%,Yes,Yes,Bus,0,Always,No,Yes,Yes,No,DC
STUDENT137,18,Female,State,75%,No,Yes,Bus,0,Never,No,No,No,Yes,Fail
STUDENT138,19-22,Female,Private,50%,Yes,Yes,Bus,2,Sometimes,No,No,Yes,Yes,AA
STUDENT139,19-22,Male,State,50%,No,Yes,Bus,0,Always,Yes,Yes,No,No,AA
STUDENT140,19-22,Female,Private,50%,Yes,Yes,Bus,2,Sometimes,No,No,Yes,Yes,AA
STUDENT141,19-22,Female,State,100%,Yes,No,Bus,0,Always,Yes,Yes,Yes,Yes,AA
STUDENT142,19-22,Male,State,50%,No,No,Private,2,Never,No,No,No,Yes,AA
STUDENT143,18,Male,State,50%,No,No,Bus,0,Always,No,No,Yes,Yes,DD
STUDENT144,18,Female,State,50%,Yes,Yes,Bus,0,Sometimes,No,No,Yes,No,Fail
STUDENT145,18,Male,Other,50%,No,Yes,Private,2,Always,No,Yes,Yes,No,CC
STUDENT146,19-22,Male,State,50%,No,No,Bus,2,Sometimes,Yes,Yes,Yes,Yes,AA
STUDENT147,23-27,Male,State,50%,No,No,Bus,12,Always,Yes,Yes,Yes,No,BB
STUDENT148,23-27,Female,Private,50%,No,Yes,Private,0,Always,No,Yes,No,Yes,AA
STUDENT149,18,Male,Other,100%,Yes,Yes,Bus,0,Sometimes,No,No,No,Yes,CC
STUDENT150,19-22,Female,Other,50%,Yes,No,Private,0,Sometimes,No,Yes,Yes,Yes,BA
STUDENT151,18,Male,Other,50%,No,Yes,Private,2,Always,No,Yes,Yes,No,CC
STUDENT152,19-22,Female,Other,50%,Yes,Yes,Private,0,Always,Yes,Yes,No,No,CB
STUDENT153,18,Female,Private,75%,Yes,Yes,Private,8,Sometimes,No,Yes,No,Yes,Fail
STUDENT154,19-22,Male,State,100%,No,No,Private,0,Always,Yes,No,Yes,Yes,BA
STUDENT155,18,Female,State,50%,Yes,Yes,Private,0,Always,Yes,Yes,Yes,No,BB
STUDENT156,18,Female,State,50%,Yes,Yes,Private,0,Always,Yes,Yes,No,No,AA
STUDENT157,19-22,Female,Other,50%,Yes,No,Private,0,Sometimes,No,Yes,Yes,Yes,BA
STUDENT158,18,Male,State,75%,No,No,Private,0,Sometimes,No,Yes,Yes,Yes,DC
STUDENT159,19-22,Female,Other,50%,Yes,No,Private,0,Sometimes,No,Yes,Yes,Yes,BA
STUDENT160,19-22,Female,State,50%,Yes,No,Bus,0,Sometimes,Yes,Yes,Yes,Yes,CB
STUDENT161,19-22,Female,Other,50%,Yes,No,Private,0,Sometimes,No,Yes,Yes,Yes,BA
STUDENT162,19-22,Male,Other,50%,Yes,No,Private,0,Always,Yes,No,Yes,Yes,AA
STUDENT163,18,Female,State,50%,Yes,Yes,Private,0,Always,Yes,Yes,Yes,No,BB
STUDENT164,19-22,Female,State,50%,No,Yes,Private,2,Always,Yes,Yes,Yes,No,CC
STUDENT165,19-22,Male,State,75%,No,No,Private,0,Never,No,No,Yes,Yes,CC
STUDENT166,18,Female,State,75%,No,Yes,Bus,0,Never,No,No,No,Yes,Fail
STUDENT167,18,Female,State,100%,Yes,Yes,Private,0,Always,No,Yes,Yes,No,BA
STUDENT168,18,Female,State,50%,Yes,Yes,Private,0,Always,Yes,Yes,Yes,No,BB
STUDENT169,19-22,Female,State,50%,Yes,No,Private,2,Always,Yes,Yes,Yes,No,AA
STUDENT170,19-22,Male,Other,50%,Yes,Yes,Private,12,Always,No,No,No,No,AA
STUDENT171,18,Male,State,100%,No,Yes,Private,0,Always,Yes,No,Yes,Yes,BA
STUDENT172,18,Female,Private,100%,No,No,Private,12,Always,Yes,No,Yes,No,BB
STUDENT173,19-22,Male,State,50%,Yes,Yes,Bus,2,Sometimes,No,No,Yes,Yes,AA
STUDENT174,23-27,Male,State,25%,Yes,Yes,Private,12,Always,Yes,Yes,No,No,AA
STUDENT175,19-22,Female,State,75%,Yes,No,Private,0,Always,Yes,No,Yes,No,CC
STUDENT176,19-22,Female,State,100%,Yes,No,Bus,0,Always,Yes,Yes,Yes,Yes,AA
STUDENT177,18,Male,State,75%,Yes,No,Private,0,Always,No,No,Yes,No,DC
STUDENT178,18,Female,State,75%,Yes,Yes,Bus,12,Sometimes,No,No,Yes,Yes,Fail
STUDENT179,19-22,Female,State,75%,Yes,Yes,Bus,12,Sometimes,No,Yes,No,Yes,CB
STUDENT180,18,Male,State,75%,No,Yes,Bus,0,Sometimes,No,No,No,No,DD
STUDENT181,19-22,Female,Other,50%,No,No,Private,12,Always,Yes,No,No,No,AA
STUDENT182,19-22,Female,State,75%,No,No,Bus,0,Always,Yes,No,No,Yes,CC
STUDENT183,18,Male,State,50%,No,No,Private,0,Always,Yes,No,No,No,DD
STUDENT184,19-22,Male,State,50%,No,No,Private,2,Never,No,No,No,Yes,AA
STUDENT185,19-22,Male,State,50%,No,No,Private,0,Always,Yes,No,No,No,DC
STUDENT186,18,Male,Other,100%,Yes,Yes,Bus,0,Sometimes,No,No,No,Yes,CC
STUDENT187,19-22,Female,Other,50%,Yes,Yes,Private,0,Always,Yes,Yes,No,No,CB
STUDENT188,18,Female,State,75%,No,No,Private,0,Never,No,No,No,Yes,AA
STUDENT189,19-22,Male,State,100%,No,No,Private,0,Always,Yes,No,Yes,Yes,BA
STUDENT190,23-27,Male,State,50%,Yes,No,Private,0,Always,No,Yes,No,No,BB
STUDENT191,18,Male,Private,75%,No,No,Bus,12,Always,No,Yes,Yes,No,DD
STUDENT192,18,Female,State,75%,No,Yes,Bus,0,Never,No,No,No,Yes,Fail
STUDENT193,18,Female,Private,50%,No,No,Private,12,Sometimes,No,No,No,Yes,BA
STUDENT194,23-27,Male,State,50%,Yes,No,Private,2,Always,No,Yes,No,Yes,AA
STUDENT195,18,Male,State,75%,No,Yes,Private,0,Never,No,No,No,Yes,DD
STUDENT196,18,Male,State,75%,No,No,Private,0,Always,No,Yes,Yes,Yes,CC
STUDENT197,19-22,Female,State,75%,Yes,Yes,Bus,12,Sometimes,No,Yes,No,Yes,CB
STUDENT198,19-22,Male,State,50%,No,No,Private,0,Always,Yes,No,No,No,DC
STUDENT199,18,Female,Private,100%,No,Yes,Private,0,Always,No,No,Yes,Yes,BA
STUDENT200,19-22,Male,State,50%,No,Yes,Bus,0,Always,Yes,Yes,No,No,CC
STUDENT201,19-22,Female,Other,50%,Yes,No,Private,0,Sometimes,No,Yes,Yes,Yes,BA
STUDENT202,19-22,Male,Other,50%,Yes,No,Private,0,Always,Yes,No,Yes,Yes,AA
STUDENT203,18,Female,State,75%,No,Yes,Bus,0,Never,No,No,No,Yes,Fail
STUDENT204,19-22,Male,State,50%,No,No,Bus,0,Always,No,Yes,Yes,Yes,BB
STUDENT205,18,Female,State,75%,Yes,No,Bus,2,Sometimes,No,No,Yes,Yes,Fail
STUDENT206,19-22,Male,Other,75%,Yes,No,Bus,12,Always,Yes,Yes,Yes,Yes,BA
STUDENT207,19-22,Female,Other,50%,No,Yes,Bus,0,Always,No,No,No,Yes,CC
STUDENT208,18,Male,State,75%,No,Yes,Private,0,Never,No,No,No,Yes,DD
STUDENT209,19-22,Male,State,50%,No,No,Bus,0,Always,No,Yes,Yes,Yes,BB
STUDENT210,18,Female,State,50%,Yes,Yes,Private,0,Always,Yes,Yes,No,No,AA
STUDENT211,19-22,Female,State,50%,No,Yes,Private,2,Always,Yes,Yes,Yes,No,CC
STUDENT212,19-22,Female,State,75%,No,Yes,Private,0,Always,No,No,Yes,Yes,BA
STUDENT213,19-22,Female,State,100%,Yes,No,Bus,0,Always,Yes,Yes,Yes,Yes,AA
STUDENT214,18,Male,State,75%,No,No,Private,0,Always,Yes,No,No,No,DD
STUDENT215,19-22,Female,Other,50%,Yes,No,Private,0,Sometimes,No,Yes,Yes,Yes,BA
STUDENT216,18,Male,Private,75%,No,No,Bus,12,Always,No,Yes,Yes,No,DD
STUDENT217,19-22,Male,Other,50%,No,No,Private,12,Always,Yes,Yes,No,Yes,DD
STUDENT218,18,Female,Private,100%,No,Yes,Private,0,Always,No,No,Yes,Yes,BA
STUDENT219,18,Male,State,75%,No,Yes,Private,0,Never,No,No,No,Yes,DD
STUDENT220,18,Male,State,50%,No,No,Private,0,Always,Yes,No,No,No,DD
STUDENT221,18,Female,State,75%,No,No,Private,0,Never,No,No,No,Yes,AA
STUDENT222,18,Male,Private,50%,No,Yes,Bus,0,Sometimes,No,Yes,No,Yes,DD
STUDENT223,23-27,Male,State,50%,Yes,No,Private,0,Always,No,Yes,No,No,BB
STUDENT224,19-22,Female,State,50%,No,Yes,Private,2,Always,Yes,Yes,Yes,No,CC
STUDENT225,19-22,Male,Other,50%,Yes,Yes,Private,12,Always,No,No,No,No,AA
STUDENT226,19-22,Female,State,50%,No,No,Private,2,Always,Yes,No,No,Yes,AA
STUDENT227,18,Female,State,75%,No,No,Private,0,Never,No,Yes,Yes,No,CC
STUDENT228,18,Male,State,100%,Yes,No,Bus,0,Never,No,No,Yes,No,AA
STUDENT229,19-22,Male,State,50%,No,No,Bus,0,Always,No,Yes,Yes,Yes,BB
STUDENT230,18,Female,State,75%,No,No,Private,0,Never,No,No,No,Yes,AA
STUDENT231,19-22,Female,State,50%,Yes,Yes,Private,0,Never,No,No,Yes,Yes,BA
STUDENT232,18,Female,State,75%,No,Yes,Private,0,Sometimes,No,Yes,Yes,Yes,AA
STUDENT233,18,Female,Private,100%,No,No,Private,12,Always,Yes,No,Yes,No,BB
STUDENT234,18,Female,State,75%,No,No,Private,0,Never,No,No,No,Yes,AA
STUDENT235,19-22,Female,State,50%,No,No,Private,2,Always,Yes,No,No,Yes,AA
STUDENT236,19-22,Female,State,100%,Yes,Yes,Private,8,Always,Yes,Yes,Yes,Yes,BA
STUDENT237,18,Male,State,100%,No,Yes,Bus,0,Never,No,Yes,No,No,AA
STUDENT238,18,Male,State,100%,No,No,Bus,0,Never,No,No,No,No,AA
STUDENT239,19-22,Male,State,50%,Yes,Yes,Bus,2,Sometimes,No,No,Yes,Yes,AA
STUDENT240,19-22,Female,Private,100%,No,Yes,Private,2,Sometimes,Yes,Yes,No,Yes,DC
STUDENT241,19-22,Male,State,50%,No,No,Bus,2,Sometimes,Yes,Yes,Yes,Yes,AA
STUDENT242,18,Female,State,50%,Yes,Yes,Bus,2,Sometimes,No,Yes,Yes,Yes,BA
STUDENT243,19-22,Male,State,50%,No,Yes,Bus,0,Always,Yes,Yes,No,No,AA
STUDENT244,19-22,Male,State,50%,No,Yes,Bus,0,Always,Yes,Yes,No,No,AA
STUDENT245,18,Male,State,100%,Yes,No,Bus,0,Never,No,No,Yes,No,AA
STUDENT246,19-22,Male,Other,75%,No,No,Private,0,Never,No,No,Yes,Yes,CC
STUDENT247,18,Male,State,75%,No,Yes,Bus,0,Sometimes,No,No,No,No,DD
STUDENT248,18,Male,Private,50%,Yes,No,Private,0,Always,Yes,Yes,Yes,No,AA
STUDENT249,19-22,Male,State,50%,No,No,Private,2,Never,No,Yes,No,Yes,BA
STUDENT250,19-22,Female,State,50%,No,No,Private,12,Sometimes,Yes,No,Yes,No,BA
STUDENT251,19-22,Male,State,50%,No,No,Bus,0,Always,No,Yes,Yes,Yes,BB
STUDENT252,18,Female,Private,50%,Yes,No,Bus,2,Always,No,Yes,No,No,AA
STUDENT253,18,Male,Private,50%,No,No,Bus,2,Always,Yes,No,Yes,No,BA
STUDENT254,18,Male,State,50%,No,Yes,Bus,0,Always,No,No,Yes,No,AA
STUDENT255,18,Female,State,100%,No,Yes,Private,0,Always,Yes,No,No,No,AA
STUDENT256,18,Male,State,50%,No,No,Bus,8,Always,Yes,No,Yes,No,BB
STUDENT257,19-22,Female,State,100%,No,No,Private,0,Always,Yes,Yes,Yes,No,AA
STUDENT258,19-22,Male,State,50%,No,No,Private,2,Always,Yes,No,Yes,Yes,BA
STUDENT259,18,Male,State,75%,No,Yes,Private,0,Never,No,No,No,Yes,DD
STUDENT260,19-22,Female,Other,50%,No,No,Private,12,Always,Yes,No,No,No,AA
STUDENT261,19-22,Male,Other,75%,Yes,No,Bus,12,Always,Yes,Yes,Yes,Yes,BA
STUDENT262,23-27,Male,State,25%,Yes,Yes,Private,12,Always,Yes,Yes,No,No,AA
STUDENT263,18,Male,State,50%,No,No,Private,0,Always,Yes,No,No,No,DD
STUDENT264,18,Male,State,50%,No,No,Bus,8,Always,Yes,No,Yes,No,BB
STUDENT265,19-22,Male,State,50%,No,No,Bus,0,Always,Yes,No,No,No,DC
STUDENT266,18,Male,State,75%,No,Yes,Private,0,Never,No,No,No,Yes,DD
STUDENT267,19-22,Female,State,100%,Yes,No,Bus,0,Always,Yes,Yes,Yes,Yes,AA
STUDENT268,19-22,Male,State,50%,No,No,Bus,0,Always,Yes,No,No,No,CC
STUDENT269,18,Female,State,75%,No,No,Private,0,Never,No,No,No,Yes,AA
STUDENT270,19-22,Male,State,50%,No,No,Private,0,Always,Yes,No,No,Yes,BA
STUDENT271,19-22,Male,State,50%,No,No,Private,2,Always,Yes,No,Yes,No,BA
STUDENT272,19-22,Female,State,50%,No,Yes,Private,2,Always,Yes,Yes,Yes,No,CC
STUDENT273,19-22,Male,State,50%,Yes,Yes,Private,0,Always,Yes,Yes,No,No,CB
STUDENT274,19-22,Male,State,50%,No,No,Bus,0,Always,Yes,No,No,No,CC
STUDENT275,18,Male,Private,75%,No,No,Bus,12,Always,No,Yes,Yes,No,DD
STUDENT276,23-27,Male,State,25%,Yes,Yes,Private,12,Always,Yes,Yes,No,No,AA
STUDENT277,19-22,Female,Other,50%,No,No,Private,0,Never,No,Yes,No,Yes,AA
STUDENT278,23-27,Male,State,50%,Yes,No,Private,0,Always,No,Yes,No,No,BB
STUDENT279,18,Male,State,100%,No,No,Private,2,Always,Yes,Yes,Yes,No,CB
STUDENT280,18,Female,Private,75%,Yes,Yes,Bus,12,Sometimes,No,Yes,No,Yes,BB
STUDENT281,18,Female,State,50%,Yes,Yes,Private,0,Always,Yes,Yes,Yes,No,BB
STUDENT282,18,Female,State,100%,No,Yes,Private,0,Always,Yes,No,No,No,AA
STUDENT283,18,Male,Private,75%,No,No,Bus,12,Always,No,Yes,Yes,No,DD
STUDENT284,18,Female,State,50%,Yes,Yes,Bus,0,Sometimes,No,No,Yes,No,Fail
STUDENT285,19-22,Male,State,50%,No,Yes,Private,0,Never,No,Yes,No,Yes,AA
STUDENT286,19-22,Male,State,100%,No,No,Private,0,Always,Yes,No,Yes,Yes,BA
STUDENT287,19-22,Male,State,50%,No,No,Bus,0,Always,No,Yes,No,No,BB
STUDENT288,18,Male,State,75%,No,Yes,Private,0,Never,No,No,No,Yes,DD
STUDENT289,18,Male,Private,75%,No,No,Private,2,Never,Yes,No,Yes,Yes,BA
STUDENT290,18,Female,Private,75%,No,No,Private,0,Always,Yes,No,No,No,Fail
STUDENT291,19-22,Male,State,50%,No,Yes,Bus,0,Always,Yes,Yes,No,No,CC
STUDENT292,18,Female,State,75%,No,Yes,Private,0,Sometimes,No,Yes,Yes,Yes,AA
STUDENT293,19-22,Male,State,50%,No,Yes,Private,0,Always,Yes,Yes,Yes,No,CC
STUDENT294,18,Male,Private,75%,No,No,Private,12,Always,Yes,Yes,No,No,AA
STUDENT295,18,Male,Private,50%,No,No,Bus,2,Sometimes,No,No,Yes,No,BB
STUDENT296,19-22,Male,Other,100%,No,No,Private,0,Always,Yes,No,No,Yes,BB
STUDENT297,18,Female,State,50%,Yes,Yes,Bus,2,Sometimes,No,Yes,Yes,Yes,BA
STUDENT298,19-22,Female,State,75%,Yes,Yes,Bus,12,Sometimes,No,Yes,No,Yes,CB
STUDENT299,18,Female,State,75%,No,No,Private,0,Never,No,Yes,Yes,No,CC
STUDENT300,19-22,Female,State,100%,Yes,Yes,Private,8,Always,Yes,Yes,Yes,Yes,BA
STUDENT301,18,Female,Private,75%,No,No,Private,0,Always,Yes,No,No,No,AA
STUDENT302,19-22,Male,State,100%,Yes,Yes,Bus,0,Always,No,Yes,Yes,No,DC
STUDENT303,18,Male,State,75%,Yes,No,Private,0,Always,No,No,Yes,No,DC
STUDENT304,18,Male,State,50%,No,No,Bus,12,Always,Yes,No,No,No,BA
STUDENT305,23-27,Male,State,50%,Yes,No,Private,0,Always,No,Yes,No,No,BB
STUDENT306,18,Male,State,100%,No,No,Private,2,Always,Yes,Yes,Yes,No,CB
STUDENT307,19-22,Male,State,50%,No,No,Bus,2,Sometimes,Yes,Yes,Yes,Yes,AA
STUDENT308,19-22,Male,State,50%,No,No,Private,0,Never,No,No,Yes,Yes,BB
STUDENT309,18,Female,State,75%,Yes,Yes,Bus,0,Always,No,No,Yes,Yes,BB
STUDENT310,19-22,Male,State,50%,Yes,Yes,Private,0,Always,Yes,Yes,No,No,CB
STUDENT311,19-22,Male,State,50%,Yes,Yes,Private,0,Always,Yes,Yes,No,No,CB
STUDENT312,18,Male,State,100%,No,No,Private,2,Always,Yes,Yes,Yes,No,CB
STUDENT313,18,Male,State,50%,No,Yes,Bus,0,Always,No,No,Yes,No,AA
STUDENT314,19-22,Female,State,75%,No,No,Bus,0,Always,Yes,No,No,Yes,CC
STUDENT315,23-27,Male,State,75%,Yes,Yes,Private,12,Never,No,No,Yes,Yes,BA
STUDENT316,19-22,Female,State,50%,No,Yes,Private,2,Always,Yes,Yes,Yes,No,CC
STUDENT317,18,Male,State,75%,No,No,Private,0,Sometimes,No,Yes,Yes,Yes,DC
STUDENT318,18,Female,State,50%,Yes,Yes,Bus,2,Sometimes,No,Yes,Yes,Yes,BA
STUDENT319,19-22,Female,State,50%,Yes,No,Private,2,Always,Yes,Yes,Yes,No,AA
STUDENT320,19-22,Male,State,50%,No,Yes,Bus,0,Always,Yes,Yes,No,No,CC
STUDENT321,18,Female,State,75%,Yes,Yes,Private,0,Always,No,Yes,Yes,No,DC
STUDENT322,19-22,Male,Private,50%,No,No,Bus,12,Always,Yes,No,Yes,Yes,AA
STUDENT323,18,Male,State,50%,No,No,Bus,0,Always,No,No,Yes,Yes,DD
STUDENT324,19-22,Male,State,50%,No,No,Private,2,Always,Yes,No,Yes,Yes,BA
STUDENT325,19-22,Female,Private,100%,No,Yes,Private,2,Sometimes,Yes,Yes,No,Yes,DC
STUDENT326,19-22,Female,State,100%,Yes,No,Bus,0,Always,Yes,Yes,Yes,Yes,AA
STUDENT327,18,Male,State,,Yes,No,Bus,0,Always,No,Yes,No,No,CB
STUDENT328,19-22,Male,State,50%,No,No,Bus,0,Always,Yes,Yes,No,No,CC
STUDENT329,18,Male,State,75%,No,Yes,Private,0,Never,No,No,No,Yes,DD
STUDENT330,19-22,Male,State,50%,No,No,Private,12,Never,No,Yes,No,Yes,BB
STUDENT331,19-22,Female,Other,50%,Yes,Yes,Private,0,Always,Yes,Yes,No,No,CB
STUDENT332,19-22,Female,State,75%,Yes,Yes,Bus,12,Sometimes,No,Yes,No,Yes,CB
STUDENT333,18,Female,Private,75%,No,No,Private,0,Always,Yes,No,No,No,Fail
STUDENT334,19-22,Female,Other,50%,No,No,Private,0,Never,No,Yes,No,Yes,AA
STUDENT335,19-22,Female,Other,50%,No,No,Private,12,Always,Yes,No,No,No,AA
STUDENT336,18,Male,State,75%,Yes,Yes,Private,0,Always,Yes,No,No,No,DD
STUDENT337,18,Female,Private,100%,No,No,Private,12,Always,Yes,No,Yes,No,BB
STUDENT338,19-22,Female,State,75%,No,Yes,Private,0,Always,No,No,Yes,Yes,BA
STUDENT339,19-22,Male,State,50%,No,No,Private,0,Never,No,No,Yes,Yes,BB
STUDENT340,18,Female,State,75%,No,No,Private,12,Always,Yes,No,No,No,BA
STUDENT341,19-22,Male,State,100%,Yes,Yes,Bus,0,Always,No,Yes,Yes,No,DC
STUDENT342,19-22,Male,State,50%,Yes,Yes,Private,0,Always,Yes,Yes,No,No,CB
STUDENT343,19-22,Male,State,50%,No,No,Private,0,Always,Yes,No,No,No,DC
STUDENT344,19-22,Female,State,100%,No,No,Private,0,Always,Yes,Yes,Yes,No,AA
STUDENT345,18,Male,Other,50%,No,Yes,Private,2,Always,No,Yes,Yes,No,CC
STUDENT346,19-22,Male,State,50%,Yes,No,Bus,0,Always,Yes,Yes,Yes,No,BB
STUDENT347,18,Female,Private,75%,Yes,Yes,Bus,12,Sometimes,No,Yes,No,Yes,BB
STUDENT348,18,Female,State,50%,Yes,Yes,Bus,0,Sometimes,No,No,Yes,No,Fail
STUDENT349,18,Female,State,75%,Yes,No,Bus,2,Sometimes,No,No,Yes,Yes,Fail
STUDENT350,18,Female,State,75%,No,Yes,Bus,0,Never,No,No,No,Yes,Fail
STUDENT351,19-22,Male,State,50%,Yes,Yes,Private,0,Always,Yes,Yes,No,No,CB
STUDENT352,19-22,Female,State,50%,Yes,Yes,Bus,0,Sometimes,Yes,Yes,Yes,No,Fail
STUDENT353,19-22,Male,Other,50%,Yes,No,Private,0,Always,Yes,Yes,No,No,AA
STUDENT354,19-22,Female,State,50%,Yes,No,Bus,0,Always,Yes,Yes,No,No,BA
STUDENT355,18,Male,Other,100%,Yes,Yes,Bus,0,Sometimes,No,No,No,Yes,CC
STUDENT356,18,Female,State,100%,Yes,Yes,Private,0,Always,No,Yes,Yes,No,BA
STUDENT357,23-27,Female,Private,50%,No,Yes,Private,0,Always,No,Yes,No,Yes,AA
STUDENT358,19-22,Male,State,50%,No,No,Bus,0,Always,No,Yes,Yes,Yes,BB
STUDENT359,18,Male,State,75%,No,Yes,Bus,0,Always,Yes,Yes,No,Yes,DC
STUDENT360,19-22,Female,State,100%,No,No,Private,0,Always,Yes,Yes,Yes,No,AA
STUDENT361,18,Female,State,75%,No,Yes,Bus,0,Never,No,No,No,Yes,Fail
STUDENT362,19-22,Male,State,50%,No,No,Private,0,Always,No,Yes,No,Yes,BA
STUDENT363,19-22,Female,State,75%,Yes,No,Private,0,Always,Yes,No,Yes,No,CC
STUDENT364,18,Male,State,100%,No,No,Bus,0,Never,No,No,No,No,AA
STUDENT365,18,Male,State,50%,No,No,Private,0,Always,Yes,No,No,No,DD
STUDENT366,18,Male,State,75%,No,Yes,Private,0,Always,No,Yes,No,No,DD
STUDENT367,19-22,Female,State,75%,Yes,Yes,Bus,12,Sometimes,No,Yes,No,Yes,CB
STUDENT368,18,Male,State,100%,No,No,Private,2,Always,Yes,Yes,Yes,No,CB
STUDENT369,23-27,Male,State,50%,No,No,Bus,0,Never,No,No,No,No,BB
STUDENT370,19-22,Female,State,75%,Yes,No,Private,0,Always,Yes,No,Yes,No,CC
STUDENT371,19-22,Male,State,50%,No,No,Bus,0,Always,Yes,Yes,No,No,CC
STUDENT372,18,Male,State,,Yes,No,Bus,0,Always,No,Yes,No,No,CB
STUDENT373,19-22,Female,State,75%,Yes,Yes,Bus,12,Sometimes,No,Yes,No,Yes,CB
STUDENT374,23-27,Male,Other,50%,Yes,No,Bus,12,Always,No,Yes,No,No,DD
STUDENT375,19-22,Male,State,100%,No,No,Private,0,Always,Yes,No,Yes,Yes,BA
STUDENT376,19-22,Male,State,50%,No,No,Private,0,Never,No,No,No,Yes,DD
STUDENT377,19-22,Female,State,50%,No,No,Private,2,Always,Yes,No,No,Yes,AA
STUDENT378,18,Male,State,75%,No,No,Private,0,Sometimes,No,Yes,Yes,Yes,DC
STUDENT379,19-22,Male,State,50%,Yes,No,Bus,0,Always,Yes,Yes,Yes,No,BB
STUDENT380,19-22,Female,State,50%,No,No,Bus,12,Never,No,Yes,No,No,Fail
STUDENT381,19-22,Female,State,75%,Yes,No,Private,0,Always,Yes,No,Yes,No,CC
STUDENT382,19-22,Male,State,50%,No,No,Private,0,Never,No,No,No,Yes,DD
STUDENT383,19-22,Female,State,50%,Yes,No,Bus,0,Always,Yes,Yes,No,No,BA
STUDENT384,18,Female,Private,100%,No,Yes,Private,0,Always,Yes,No,No,Yes,BA
STUDENT385,18,Male,Other,100%,Yes,Yes,Bus,0,Sometimes,No,No,No,Yes,CC
STUDENT386,19-22,Male,Other,50%,Yes,No,Private,0,Always,Yes,Yes,No,No,AA
STUDENT387,19-22,Female,State,75%,Yes,No,Private,0,Always,Yes,No,Yes,No,CC
STUDENT388,18,Female,Private,50%,Yes,No,Bus,2,Always,No,Yes,No,No,AA
STUDENT389,19-22,Male,State,50%,No,No,Private,0,Always,No,Yes,No,Yes,BA
STUDENT390,23-27,Male,State,25%,Yes,Yes,Private,12,Always,Yes,Yes,No,No,AA
STUDENT391,19-22,Male,State,75%,No,No,Private,0,Always,Yes,Yes,Yes,No,BB
STUDENT392,19-22,Male,Other,50%,Yes,No,Private,0,Always,Yes,No,Yes,Yes,AA
STUDENT393,18,Female,State,75%,No,No,Private,0,Never,No,No,No,Yes,AA
STUDENT394,19-22,Male,Other,50%,No,No,Private,12,Always,Yes,Yes,No,Yes,DD
STUDENT395,18,Female,State,75%,Yes,No,Bus,2,Sometimes,No,No,Yes,Yes,Fail
STUDENT396,19-22,Female,Other,50%,No,No,Private,12,Always,Yes,No,No,No,AA
STUDENT397,19-22,Female,State,50%,No,No,Private,2,Always,Yes,No,No,Yes,AA
STUDENT398,18,Male,State,75%,No,No,Private,0,Sometimes,No,Yes,Yes,Yes,DC
STUDENT399,18,Female,Private,75%,Yes,Yes,Private,8,Sometimes,No,Yes,No,Yes,Fail
STUDENT400,19-22,Male,State,50%,No,No,Bus,0,Always,Yes,No,No,No,CC
STUDENT401,19-22,Male,Other,100%,No,No,Private,0,Always,Yes,No,No,Yes,BB
STUDENT402,19-22,Male,State,75%,No,No,Private,0,Always,No,Yes,Yes,No,DC
STUDENT403,19-22,Male,State,50%,No,Yes,Private,0,Never,No,Yes,No,Yes,AA
STUDENT404,18,Male,State,50%,No,No,Bus,0,Always,Yes,No,Yes,No,CB
STUDENT405,23-27,Male,State,50%,No,No,Bus,0,Never,No,No,No,No,BB
STUDENT406,19-22,Female,State,50%,Yes,Yes,Private,0,Always,No,Yes,No,Yes,CC
STUDENT407,18,Female,Private,75%,Yes,Yes,Private,8,Sometimes,No,Yes,No,Yes,Fail
STUDENT408,19-22,Male,State,50%,No,No,Bus,0,Always,Yes,No,No,No,DC
STUDENT409,18,Male,State,50%,No,No,Bus,8,Always,Yes,No,Yes,No,BB
STUDENT410,18,Female,State,50%,Yes,Yes,Private,0,Always,Yes,Yes,Yes,No,BB
STUDENT411,18,Male,Private,50%,No,No,Bus,2,Always,Yes,No,Yes,No,BA
STUDENT412,19-22,Female,State,50%,Yes,No,Bus,0,Sometimes,Yes,Yes,Yes,Yes,CB
STUDENT413,19-22,Male,State,50%,No,No,Private,0,Always,Yes,No,No,No,DC
STUDENT414,18,Female,State,50%,Yes,Yes,Bus,2,Sometimes,No,Yes,Yes,Yes,BA
STUDENT415,18,Male,State,50%,No,No,Private,0,Always,Yes,No,No,No,DD
STUDENT416,19-22,Male,State,50%,No,No,Private,0,Always,Yes,No,No,No,DC
STUDENT417,19-22,Female,State,100%,Yes,Yes,Private,8,Always,Yes,Yes,Yes,Yes,BA
STUDENT418,18,Female,State,50%,No,No,Private,0,Sometimes,No,Yes,No,Yes,BB
STUDENT419,18,Female,State,75%,No,Yes,Private,0,Sometimes,No,Yes,Yes,Yes,AA
STUDENT420,19-22,Male,State,50%,Yes,Yes,Private,0,Always,Yes,Yes,No,No,CB
STUDENT421,19-22,Female,Other,50%,No,No,Private,0,Never,No,Yes,No,Yes,AA
STUDENT422,18,Male,State,75%,No,No,Private,0,Always,Yes,No,No,No,DD
STUDENT423,19-22,Female,State,75%,No,Yes,Private,0,Always,No,No,Yes,Yes,BA
STUDENT424,18,Male,State,100%,Yes,No,Bus,0,Never,No,No,Yes,No,AA
STUDENT425,18,Female,Private,100%,No,Yes,Private,0,Always,Yes,No,No,Yes,BA
STUDENT426,18,Male,State,75%,No,No,Private,0,Sometimes,No,Yes,Yes,Yes,DC
STUDENT427,18,Male,State,75%,No,Yes,Private,0,Never,No,No,No,Yes,DD
STUDENT428,18,Male,Private,75%,No,No,Private,12,Always,Yes,Yes,No,No,AA
STUDENT429,18,Male,Other,100%,Yes,Yes,Bus,0,Sometimes,No,No,No,Yes,CC
STUDENT430,19-22,Male,Other,75%,Yes,No,Bus,12,Always,Yes,Yes,Yes,Yes,BA
STUDENT431,18,Female,Private,75%,Yes,Yes,Private,8,Sometimes,No,Yes,No,Yes,Fail
STUDENT432,19-22,Female,Other,50%,Yes,No,Private,0,Sometimes,No,Yes,Yes,Yes,BA
STUDENT433,18,Female,Private,75%,No,No,Private,0,Always,Yes,No,No,No,Fail
STUDENT434,19-22,Male,State,50%,Yes,No,Bus,0,Always,Yes,Yes,Yes,No,BB
STUDENT435,18,Male,State,75%,No,Yes,Private,0,Never,No,No,No,Yes,DD
STUDENT436,18,Female,State,50%,No,No,Private,0,Sometimes,No,Yes,No,Yes,BB
STUDENT437,19-22,Male,Other,75%,No,No,Private,0,Never,No,No,Yes,Yes,CC
STUDENT438,18,Female,State,100%,No,Yes,Private,0,Always,Yes,No,No,No,AA
STUDENT439,19-22,Female,Other,50%,Yes,No,Private,0,Sometimes,No,Yes,Yes,Yes,BA
STUDENT440,18,Male,Other,50%,No,Yes,Private,2,Always,No,Yes,Yes,No,CC
STUDENT441,19-22,Male,Other,50%,No,No,Private,12,Always,Yes,Yes,No,Yes,DD
STUDENT442,18,Female,Private,100%,No,Yes,Private,0,Always,No,No,Yes,Yes,BA
STUDENT443,18,Male,State,100%,No,No,Private,2,Always,Yes,Yes,Yes,No,CB
STUDENT444,19-22,Female,State,50%,Yes,Yes,Private,0,Always,No,Yes,No,Yes,CC
STUDENT445,18,Female,State,75%,No,No,Private,12,Always,Yes,No,No,No,BA
STUDENT446,19-22,Male,State,50%,No,No,Private,0,Never,No,No,No,Yes,DD
STUDENT447,18,Female,State,75%,Yes,No,Bus,2,Sometimes,No,No,Yes,Yes,Fail
STUDENT448,18,Male,State,75%,No,Yes,Private,0,Always,No,Yes,No,No,DD
STUDENT449,19-22,Female,Other,50%,No,Yes,Bus,0,Always,No,No,No,Yes,CC
STUDENT450,18,Male,Private,50%,Yes,No,Private,0,Always,Yes,Yes,Yes,No,AA
STUDENT451,18,Female,State,75%,No,No,Private,0,Never,No,No,No,Yes,AA
STUDENT452,19-22,Female,Other,50%,Yes,Yes,Private,0,Always,Yes,Yes,No,No,CB
STUDENT453,19-22,Male,State,75%,Yes,No,Bus,2,Always,Yes,No,Yes,No,DD
STUDENT454,19-22,Male,State,50%,No,No,Private,2,Never,No,Yes,No,Yes,BA
STUDENT455,19-22,Female,State,75%,Yes,Yes,Bus,12,Sometimes,No,Yes,No,Yes,CB
STUDENT456,19-22,Female,State,100%,No,No,Private,0,Always,Yes,Yes,Yes,No,AA
STUDENT457,19-22,Female,State,75%,Yes,No,Private,0,Always,Yes,No,Yes,No,CC
STUDENT458,18,Male,State,75%,No,Yes,Private,0,Never,No,No,No,Yes,DD
STUDENT459,18,Female,State,75%,Yes,No,Bus,2,Sometimes,No,No,Yes,Yes,Fail
STUDENT460,19-22,Male,State,50%,No,No,Private,2,Always,Yes,No,Yes,No,BA
STUDENT461,18,Male,State,100%,No,Yes,Private,0,Always,Yes,No,Yes,Yes,BA
STUDENT462,19-22,Female,State,50%,Yes,No,Private,2,Always,Yes,Yes,Yes,No,AA
STUDENT463,19-22,Female,State,75%,Yes,Yes,Bus,12,Sometimes,No,Yes,No,Yes,CB
STUDENT464,19-22,Male,State,50%,No,Yes,Private,0,Always,Yes,Yes,Yes,No,CC
STUDENT465,19-22,Male,State,100%,No,No,Private,0,Always,Yes,No,Yes,Yes,BA
STUDENT466,19-22,Female,Private,100%,No,Yes,Private,2,Sometimes,Yes,Yes,No,Yes,DC
STUDENT467,23-27,Male,State,50%,Yes,No,Private,2,Always,No,Yes,No,Yes,AA
STUDENT468,18,Female,State,75%,No,No,Private,0,Never,No,Yes,Yes,No,CC
STUDENT469,19-22,Female,State,50%,Yes,Yes,Bus,0,Sometimes,Yes,Yes,Yes,No,Fail
STUDENT470,18,Female,Private,100%,No,Yes,Private,0,Always,No,Yes,No,No,BB
STUDENT471,18,Male,State,75%,No,No,Private,0,Always,Yes,No,No,No,DD
STUDENT472,18,Male,State,75%,No,Yes,Private,0,Always,No,Yes,No,No,DD
STUDENT473,19-22,Female,Other,50%,No,Yes,Bus,0,Always,No,No,No,Yes,CC
STUDENT474,19-22,Male,State,75%,No,No,Private,0,Always,No,Yes,Yes,No,DC
STUDENT475,18,Female,Private,100%,No,No,Private,12,Always,Yes,No,Yes,No,BB
STUDENT476,18,Male,State,75%,No,No,Private,0,Always,No,Yes,Yes,Yes,CC
STUDENT477,19-22,Female,State,50%,Yes,Yes,Private,0,Always,No,Yes,No,Yes,CC
STUDENT478,18,Female,State,50%,Yes,Yes,Bus,0,Sometimes,No,No,Yes,No,Fail
STUDENT479,19-22,Male,State,50%,No,Yes,Bus,0,Always,Yes,Yes,No,No,AA
STUDENT480,19-22,Female,State,50%,Yes,Yes,Bus,0,Sometimes,Yes,Yes,Yes,No,Fail
STUDENT481,19-22,Male,Private,50%,No,No,Bus,12,Always,Yes,No,Yes,Yes,AA
STUDENT482,23-27,Male,State,50%,No,No,Bus,0,Never,No,No,No,No,BB
STUDENT483,19-22,Male,State,75%,Yes,No,Bus,2,Always,Yes,No,Yes,No,DD
STUDENT484,19-22,Female,State,50%,Yes,Yes,Private,0,Never,No,No,Yes,Yes,BA
STUDENT485,19-22,Female,Private,100%,No,Yes,Private,2,Sometimes,Yes,Yes,No,Yes,DC
STUDENT486,19-22,Male,Other,100%,No,No,Private,0,Always,Yes,No,No,Yes,BB
STUDENT487,18,Male,State,100%,No,No,Private,2,Always,Yes,Yes,Yes,No,CB
STUDENT488,18,Female,Private,100%,No,No,Private,12,Always,Yes,No,Yes,No,BB
STUDENT489,18,Male,State,75%,No,Yes,Bus,0,Always,Yes,Yes,Yes,Yes,DD
STUDENT490,19-22,Male,Other,50%,No,No,Bus,0,Always,Yes,Yes,Yes,Yes,AA
STUDENT491,18,Female,Private,100%,No,Yes,Private,0,Sometimes,No,Yes,Yes,Yes,CB
STUDENT492,18,Male,Private,75%,No,No,Private,12,Always,Yes,Yes,No,No,AA
STUDENT493,19-22,Female,State,75%,No,No,Bus,0,Always,Yes,No,No,Yes,CC
STUDENT494,18,Female,State,75%,No,No,Private,12,Always,Yes,No,No,No,BA
STUDENT495,18,Female,State,75%,Yes,Yes,Private,0,Always,No,Yes,Yes,No,DC
STUDENT496,19-22,Female,State,50%,No,Yes,Bus,0,Sometimes,No,No,Yes,Yes,DC
STUDENT497,19-22,Male,State,50%,No,No,Private,0,Always,Yes,No,No,No,DC
STUDENT498,18,Female,State,75%,No,No,Private,12,Always,Yes,No,No,No,BA
STUDENT499,19-22,Male,State,100%,No,No,Private,0,Always,Yes,No,Yes,Yes,BA
STUDENT500,18,Female,State,100%,Yes,Yes,Private,0,Always,No,Yes,Yes,No,BA
STUDENT501,19-22,Female,State,50%,Yes,Yes,Private,0,Always,No,Yes,No,Yes,CC
STUDENT502,18,Female,State,100%,Yes,Yes,Private,0,Always,No,Yes,Yes,No,BA
STUDENT503,19-22,Male,State,50%,Yes,Yes,Private,0,Always,Yes,Yes,No,No,CB
STUDENT504,19-22,Female,State,50%,No,No,Private,12,Sometimes,Yes,No,Yes,No,BA
STUDENT505,18,Female,Private,75%,Yes,Yes,Bus,12,Sometimes,No,Yes,No,Yes,BB
STUDENT506,18,Female,State,50%,No,No,Private,0,Sometimes,No,Yes,No,Yes,BB
STUDENT507,19-22,Male,Other,50%,Yes,No,Private,0,Always,Yes,Yes,No,No,AA
STUDENT508,18,Female,State,50%,Yes,Yes,Private,0,Always,Yes,Yes,No,No,AA
STUDENT509,19-22,Male,State,100%,Yes,Yes,Bus,0,Always,No,Yes,Yes,No,DC
STUDENT510,19-22,Female,Other,50%,Yes,No,Private,0,Sometimes,No,Yes,Yes,Yes,BA
STUDENT511,23-27,Male,State,50%,Yes,No,Bus,8,Always,No,Yes,Yes,No,BB
STUDENT512,19-22,Female,State,100%,No,No,Private,0,Always,Yes,Yes,Yes,No,AA
STUDENT513,18,Female,State,100%,No,No,Bus,0,Always,Yes,Yes,Yes,Yes,BB
STUDENT514,19-22,Male,State,50%,Yes,Yes,Private,0,Always,Yes,Yes,No,No,CB
STUDENT515,18,Male,State,50%,No,No,Bus,0,Always,Yes,No,Yes,No,CB
STUDENT516,19-22,Female,State,50%,No,No,Private,12,Sometimes,Yes,No,Yes,No,BA
STUDENT517,19-22,Male,State,50%,No,No,Bus,0,Always,Yes,Yes,No,No,CC
STUDENT518,19-22,Male,State,75%,No,No,Private,0,Always,Yes,Yes,Yes,No,BB
STUDENT519,23-27,Female,Private,50%,No,Yes,Private,0,Always,No,Yes,No,Yes,AA
STUDENT520,18,Male,Private,50%,No,No,Bus,2,Sometimes,No,No,Yes,No,BB
STUDENT521,19-22,Male,State,50%,No,No,Bus,0,Always,Yes,Yes,No,No,CC
STUDENT522,18,Male,State,50%,No,Yes,Bus,0,Always,No,No,Yes,No,AA
STUDENT523,19-22,Female,State,100%,No,No,Private,0,Always,Yes,No,No,Yes,AA
STUDENT524,18,Female,Private,75%,No,No,Private,0,Always,Yes,No,No,No,AA
STUDENT525,19-22,Male,Other,50%,Yes,No,Private,0,Always,Yes,Yes,No,No,AA
STUDENT526,19-22,Female,State,100%,No,No,Private,0,Always,Yes,Yes,Yes,No,AA
STUDENT527,19-22,Female,State,50%,No,Yes,Private,2,Always,Yes,Yes,Yes,No,CC
STUDENT528,23-27,Female,Private,50%,No,Yes,Private,0,Always,No,Yes,No,Yes,AA
STUDENT529,19-22,Male,State,50%,No,No,Private,2,Never,No,No,No,Yes,AA
STUDENT530,19-22,Female,State,75%,Yes,Yes,Bus,12,Sometimes,No,Yes,No,Yes,CB
STUDENT531,18,Female,Private,75%,Yes,Yes,Private,8,Sometimes,No,Yes,No,Yes,Fail
STUDENT532,19-22,Male,State,75%,No,No,Private,0,Always,No,Yes,Yes,No,DC
STUDENT533,19-22,Male,State,50%,No,No,Private,0,Always,No,Yes,No,Yes,BA
STUDENT534,18,Male,State,75%,No,No,Bus,2,Always,No,No,Yes,Yes,DD
STUDENT535,19-22,Female,State,100%,No,No,Private,0,Always,Yes,Yes,Yes,No,AA
STUDENT536,18,Female,State,50%,Yes,Yes,Bus,2,Sometimes,No,Yes,Yes,Yes,BA
STUDENT537,19-22,Female,State,50%,Yes,Yes,Bus,0,Sometimes,Yes,Yes,Yes,No,Fail
STUDENT538,19-22,Male,State,100%,Yes,Yes,Bus,0,Always,No,Yes,Yes,No,DC
STUDENT539,19-22,Male,State,50%,No,No,Private,0,Always,Yes,No,No,No,DC
STUDENT540,19-22,Female,State,50%,Yes,Yes,Private,0,Never,No,No,Yes,Yes,BA
STUDENT541,19-22,Male,State,50%,No,Yes,Bus,0,Always,Yes,Yes,No,No,CC
STUDENT542,18,Male,Private,50%,Yes,No,Private,0,Always,Yes,Yes,Yes,No,AA
STUDENT543,18,Male,State,75%,No,No,Private,0,Sometimes,No,Yes,Yes,Yes,DC
STUDENT544,18,Male,Private,50%,No,No,Private,2,Always,Yes,No,Yes,Yes,AA
STUDENT545,18,Female,Private,100%,No,No,Private,12,Always,Yes,No,Yes,No,BB
STUDENT546,19-22,Female,State,50%,Yes,Yes,Private,0,Always,No,Yes,No,Yes,CC
STUDENT547,18,Male,State,50%,No,No,Bus,8,Always,Yes,No,Yes,No,BB
STUDENT548,18,Male,Private,50%,No,No,Bus,2,Always,Yes,No,Yes,No,BA
STUDENT549,18,Female,State,100%,No,No,Bus,0,Always,Yes,Yes,Yes,Yes,BB
STUDENT550,23-27,Male,State,50%,Yes,No,Private,0,Always,No,Yes,No,No,BB
STUDENT551,19-22,Female,State,100%,Yes,Yes,Private,8,Always,Yes,Yes,Yes,Yes,BA
STUDENT552,19-22,Male,State,50%,No,No,Bus,0,Always,Yes,Yes,No,No,CC
STUDENT553,19-22,Female,State,50%,No,No,Bus,12,Never,No,Yes,No,No,Fail
STUDENT554,23-27,Male,State,50%,Yes,No,Bus,8,Always,No,Yes,Yes,No,BB
STUDENT555,19-22,Male,Other,75%,No,No,Private,0,Never,No,No,Yes,Yes,CC
STUDENT556,19-22,Female,Private,100%,No,Yes,Private,2,Sometimes,Yes,Yes,No,Yes,DC
STUDENT557,19-22,Male,Private,50%,No,No,Bus,12,Always,Yes,No,Yes,Yes,AA
STUDENT558,18,Male,State,100%,No,Yes,Bus,0,Never,No,Yes,No,No,AA
STUDENT559,19-22,Female,State,50%,No,No,Private,2,Always,Yes,No,No,Yes,AA
STUDENT560,23-27,Female,Private,50%,No,Yes,Private,0,Always,No,Yes,No,Yes,AA
STUDENT561,19-22,Male,Other,100%,No,No,Private,0,Always,Yes,No,No,Yes,BB
STUDENT562,18,Female,Private,50%,No,No,Private,12,Sometimes,No,No,No,Yes,BA
STUDENT563,23-27,Male,Other,50%,Yes,No,Bus,12,Always,No,Yes,No,No,DD
STUDENT564,19-22,Male,State,50%,No,No,Bus,0,Always,No,Yes,No,No,BB
STUDENT565,19-22,Male,State,50%,No,No,Private,0,Never,No,No,Yes,Yes,BB
STUDENT566,18,Male,State,100%,No,No,Private,2,Always,Yes,Yes,Yes,No,CB
STUDENT567,23-27,Male,State,50%,No,No,Bus,12,Always,Yes,Yes,Yes,No,BB
STUDENT568,19-22,Male,State,50%,No,Yes,Bus,0,Always,Yes,Yes,No,No,AA
STUDENT569,18,Male,State,75%,Yes,No,Private,0,Always,No,No,Yes,No,DC
STUDENT570,18,Female,State,50%,No,No,Private,0,Sometimes,No,Yes,No,Yes,BB
STUDENT571,18,Male,State,75%,No,Yes,Private,0,Never,No,No,No,Yes,DD
STUDENT572,18,Female,State,75%,No,Yes,Bus,0,Never,No,No,No,Yes,Fail
STUDENT573,19-22,Male,State,50%,No,No,Private,12,Never,No,Yes,No,Yes,BB
STUDENT574,19-22,Male,State,50%,No,No,Private,2,Always,Yes,No,Yes,Yes,BA
STUDENT575,19-22,Male,State,50%,No,No,Bus,0,Always,Yes,No,No,No,DC
STUDENT576,18,Female,Private,100%,No,Yes,Private,0,Always,No,Yes,No,No,BB
STUDENT577,18,Male,State,75%,No,No,Bus,2,Always,No,No,Yes,Yes,DD
STUDENT578,19-22,Male,State,50%,No,No,Private,2,Never,No,No,No,Yes,AA
STUDENT579,19-22,Male,State,50%,Yes,No,Bus,0,Always,Yes,Yes,Yes,No,BB
STUDENT580,19-22,Female,State,50%,Yes,No,Private,2,Always,Yes,Yes,Yes,No,AA
STUDENT581,19-22,Male,State,75%,Yes,No,Bus,2,Always,Yes,No,Yes,No,DD
STUDENT582,18,Female,Private,100%,No,No,Private,12,Always,Yes,No,Yes,No,BB
STUDENT583,23-27,Male,Other,50%,Yes,No,Bus,12,Always,No,Yes,No,No,DD
STUDENT584,18,Male,Private,25%,No,No,Bus,2,Sometimes,No,No,No,Yes,DD
STUDENT585,18,Male,Private,50%,No,Yes,Bus,0,Sometimes,No,Yes,No,Yes,DD
STUDENT586,19-22,Male,Other,50%,Yes,No,Private,0,Always,Yes,Yes,No,No,AA
STUDENT587,19-22,Male,State,50%,No,No,Bus,2,Sometimes,Yes,Yes,Yes,Yes,AA
STUDENT588,18,Female,Private,50%,Yes,No,Bus,2,Always,No,Yes,No,No,AA
STUDENT589,19-22,Female,Other,50%,Yes,No,Private,0,Sometimes,No,Yes,Yes,Yes,BA
STUDENT590,23-27,Male,State,50%,Yes,No,Private,0,Always,No,Yes,No,No,BB
STUDENT591,19-22,Female,State,50%,Yes,No,Bus,0,Always,Yes,Yes,No,No,BA
STUDENT592,19-22,Male,State,100%,Yes,Yes,Bus,0,Always,No,Yes,Yes,No,DC
STUDENT593,19-22,Male,State,50%,No,No,Bus,0,Always,Yes,No,No,No,DC
STUDENT594,18,Female,Other,75%,No,No,Private,0,Always,No,Yes,Yes,No,DC
STUDENT595,19-22,Male,State,100%,No,No,Private,0,Always,Yes,No,Yes,Yes,BA
STUDENT596,23-27,Female,Private,50%,No,Yes,Private,0,Always,No,Yes,No,Yes,AA
STUDENT597,19-22,Male,State,50%,No,No,Private,2,Never,No,No,No,Yes,AA
STUDENT598,18,Male,State,100%,No,Yes,Private,0,Always,Yes,No,Yes,Yes,BA
STUDENT599,18,Male,Private,75%,No,No,Private,2,Never,Yes,No,Yes,Yes,BA
STUDENT600,18,Female,Private,75%,Yes,Yes,Private,8,Sometimes,No,Yes,No,Yes,Fail
STUDENT601,19-22,Female,State,50%,No,Yes,Private,2,Always,Yes,Yes,Yes,No,CC
STUDENT602,18,Female,Private,100%,No,Yes,Private,0,Always,No,Yes,No,No,BB
STUDENT603,19-22,Male,State,50%,No,Yes,Private,0,Always,Yes,Yes,Yes,No,CC
STUDENT604,18,Female,Private,100%,No,No,Private,12,Always,Yes,No,Yes,No,BB
STUDENT605,18,Female,Private,100%,No,Yes,Private,0,Always,No,No,Yes,Yes,BA
STUDENT606,19-22,Male,State,50%,No,No,Bus,0,Always,Yes,Yes,No,No,CC
STUDENT607,23-27,Male,Other,50%,Yes,No,Bus,12,Always,No,Yes,No,No,DD
STUDENT608,18,Female,State,75%,No,No,Private,0,Never,No,Yes,Yes,No,CC
STUDENT609,18,Male,State,50%,No,No,Bus,12,Always,Yes,No,No,No,BA
STUDENT610,18,Male,State,75%,No,No,Private,0,Always,Yes,No,No,No,DD
STUDENT611,18,Male,State,50%,No,No,Bus,0,Always,No,No,Yes,Yes,DD
STUDENT612,19-22,Male,State,50%,Yes,Yes,Bus,2,Sometimes,No,No,Yes,Yes,AA
STUDENT613,18,Male,Private,75%,No,No,Private,2,Never,Yes,No,Yes,Yes,BA
STUDENT614,18,Male,State,75%,Yes,No,Private,0,Always,No,No,Yes,No,DC
STUDENT615,23-27,Male,State,50%,Yes,No,Private,0,Always,No,Yes,No,No,BB
STUDENT616,19-22,Male,Other,75%,No,No,Private,0,Never,No,No,Yes,Yes,CC
STUDENT617,19-22,Female,State,75%,Yes,Yes,Private,0,Always,Yes,Yes,Yes,No,CB
STUDENT618,19-22,Female,State,50%,No,Yes,Bus,0,Sometimes,No,No,Yes,Yes,DC
STUDENT619,19-22,Female,Other,50%,Yes,Yes,Private,0,Always,Yes,Yes,No,No,CB
STUDENT620,19-22,Female,State,75%,Yes,Yes,Private,0,Always,Yes,Yes,Yes,No,CB
STUDENT621,19-22,Male,Other,75%,No,No,Private,0,Never,No,No,Yes,Yes,CC
STUDENT622,18,Male,State,75%,Yes,Yes,Private,0,Always,Yes,No,No,No,DD
STUDENT623,19-22,Male,State,50%,No,No,Bus,2,Sometimes,Yes,Yes,Yes,Yes,AA
STUDENT624,19-22,Female,State,50%,Yes,No,Bus,0,Sometimes,Yes,Yes,Yes,Yes,CB
STUDENT625,18,Female,Private,100%,No,Yes,Private,0,Always,No,Yes,No,No,BB
STUDENT626,23-27,Male,State,50%,No,No,Bus,0,Never,No,No,No,No,BB
STUDENT627,18,Female,Private,100%,No,Yes,Private,0,Sometimes,No,Yes,Yes,Yes,CB
STUDENT628,18,Female,Private,100%,No,Yes,Private,0,Always,Yes,No,No,Yes,BA
STUDENT629,18,Female,Private,100%,No,No,Private,12,Always,Yes,No,Yes,No,BB
STUDENT630,19-22,Male,State,75%,No,No,Private,0,Always,No,Yes,Yes,No,DC
STUDENT631,18,Female,State,100%,No,Yes,Private,0,Always,Yes,No,No,No,AA
STUDENT632,19-22,Male,Other,50%,No,No,Private,12,Always,Yes,Yes,No,Yes,DD
STUDENT633,19-22,Female,State,75%,Yes,No,Private,0,Always,Yes,No,Yes,No,CC
STUDENT634,19-22,Female,State,50%,Yes,No,Bus,0,Always,Yes,Yes,No,No,BA
STUDENT635,19-22,Male,State,50%,No,No,Private,2,Always,Yes,No,Yes,Yes,BA
STUDENT636,19-22,Female,State,50%,Yes,No,Private,2,Always,Yes,Yes,Yes,No,AA
STUDENT637,18,Female,State,100%,Yes,Yes,Private,0,Always,No,Yes,Yes,No,BA
STUDENT638,19-22,Male,State,50%,No,Yes,Private,0,Never,No,Yes,No,Yes,AA
STUDENT639,19-22,Female,State,100%,Yes,Yes,Private,8,Always,Yes,Yes,Yes,Yes,BA
STUDENT640,19-22,Male,State,50%,No,No,Private,2,Never,No,Yes,No,Yes,BA
STUDENT641,19-22,Male,State,75%,No,No,Private,0,Always,Yes,Yes,Yes,No,BB
STUDENT642,19-22,Male,State,50%,No,No,Bus,0,Always,Yes,No,No,No,DC
STUDENT643,23-27,Female,Private,50%,No,Yes,Private,0,Always,No,Yes,No,Yes,AA
STUDENT644,19-22,Female,State,75%,Yes,Yes,Bus,12,Sometimes,No,Yes,No,Yes,CB
STUDENT645,18,Female,State,50%,Yes,Yes,Bus,2,Sometimes,No,Yes,Yes,Yes,BA
STUDENT646,18,Female,Private,100%,No,Yes,Private,0,Sometimes,No,Yes,Yes,Yes,CB
STUDENT647,18,Male,Private,75%,No,No,Bus,12,Always,No,Yes,Yes,No,DD
STUDENT648,18,Female,Private,100%,No,Yes,Private,0,Sometimes,No,Yes,Yes,Yes,CB
STUDENT649,19-22,Male,State,50%,No,No,Private,2,Always,Yes,No,Yes,No,BA
STUDENT650,18,Male,Other,100%,Yes,Yes,Bus,0,Sometimes,No,No,No,Yes,CC
STUDENT651,18,Male,State,50%,No,No,Private,0,Always,Yes,No,No,No,DD
STUDENT652,19-22,Female,State,50%,No,No,Private,12,Sometimes,Yes,No,Yes,No,BA
STUDENT653,19-22,Female,State,50%,Yes,Yes,Bus,0,Sometimes,Yes,Yes,Yes,No,Fail
STUDENT654,19-22,Male,State,50%,No,No,Bus,2,Sometimes,Yes,Yes,Yes,Yes,AA
STUDENT655,18,Male,State,100%,Yes,No,Bus,0,Never,No,No,Yes,No,AA
STUDENT656,19-22,Male,Private,50%,No,No,Bus,12,Always,Yes,No,Yes,Yes,AA
STUDENT657,19-22,Male,State,100%,Yes,Yes,Bus,0,Always,No,Yes,Yes,No,DC
STUDENT658,19-22,Female,State,50%,No,No,Private,12,Sometimes,Yes,No,Yes,No,BA
STUDENT659,18,Male,State,100%,No,No,Bus,0,Never,No,No,No,No,AA
STUDENT660,19-22,Female,State,75%,No,No,Bus,0,Always,Yes,No,No,Yes,CC
STUDENT661,19-22,Male,Other,50%,Yes,No,Private,0,Always,Yes,Yes,No,No,AA
STUDENT662,18,Female,Private,100%,No,Yes,Private,0,Always,No,Yes,No,No,BB
STUDENT663,18,Female,Private,75%,Yes,Yes,Private,8,Sometimes,No,Yes,No,Yes,Fail
STUDENT664,19-22,Male,State,50%,No,No,Private,0,Always,Yes,No,No,No,DC
STUDENT665,18,Male,State,50%,No,No,Bus,8,Always,Yes,No,Yes,No,BB
STUDENT666,19-22,Female,State,50%,Yes,No,Bus,0,Always,Yes,Yes,No,No,BA
STUDENT667,18,Male,Private,25%,No,No,Bus,2,Sometimes,No,No,No,Yes,DD
STUDENT668,19-22,Male,Other,50%,No,No,Bus,0,Always,Yes,Yes,Yes,Yes,AA
STUDENT669,18,Male,State,50%,No,Yes,Bus,0,Always,No,Yes,Yes,Yes,DC
STUDENT670,19-22,Male,State,50%,No,No,Bus,0,Always,No,Yes,No,No,BB
STUDENT671,19-22,Male,State,50%,No,No,Bus,0,Always,Yes,Yes,No,No,CC
STUDENT672,19-22,Female,Private,50%,Yes,Yes,Bus,2,Sometimes,No,No,Yes,Yes,AA
STUDENT673,23-27,Male,State,50%,Yes,No,Bus,8,Always,No,Yes,Yes,No,BB
STUDENT674,18,Male,State,,Yes,No,Bus,0,Always,No,Yes,No,No,CB
STUDENT675,18,Male,State,75%,No,Yes,Private,0,Always,No,No,No,Yes,DD
STUDENT676,19-22,Male,State,50%,No,No,Private,0,Never,No,No,Yes,Yes,BB
STUDENT677,19-22,Male,State,50%,No,No,Bus,0,Always,No,Yes,Yes,Yes,BB
STUDENT678,19-22,Female,State,50%,No,No,Private,12,Sometimes,Yes,No,Yes,No,BA
STUDENT679,19-22,Female,State,50%,Yes,No,Bus,0,Sometimes,Yes,Yes,Yes,Yes,CB
STUDENT680,19-22,Male,State,50%,No,No,Bus,0,Always,No,Yes,No,No,BB
STUDENT681,18,Male,Private,75%,No,No,Private,12,Always,Yes,Yes,No,No,AA
STUDENT682,19-22,Male,Other,50%,Yes,No,Private,0,Always,Yes,Yes,No,No,AA
STUDENT683,18,Female,State,50%,Yes,Yes,Bus,2,Sometimes,No,Yes,Yes,Yes,BA
STUDENT684,19-22,Female,Other,50%,Yes,No,Private,0,Sometimes,No,Yes,Yes,Yes,BA
STUDENT685,18,Male,State,75%,No,Yes,Private,0,Never,No,No,No,Yes,DD
STUDENT686,19-22,Male,State,50%,No,No,Bus,0,Always,Yes,Yes,No,No,CC
STUDENT687,18,Female,Private,75%,Yes,Yes,Bus,12,Sometimes,No,Yes,No,Yes,BB
STUDENT688,23-27,Male,State,50%,Yes,No,Bus,8,Always,No,Yes,Yes,No,BB
STUDENT689,19-22,Female,State,100%,No,No,Private,0,Always,Yes,No,No,Yes,AA
STUDENT690,18,Male,Private,50%,Yes,No,Private,0,Always,Yes,Yes,Yes,No,AA
STUDENT691,18,Male,Private,25%,No,No,Bus,2,Sometimes,No,No,No,Yes,DD
STUDENT692,18,Female,State,50%,Yes,Yes,Private,0,Always,Yes,Yes,Yes,No,BB
STUDENT693,19-22,Female,Private,100%,No,Yes,Private,2,Sometimes,Yes,Yes,No,Yes,DC
STUDENT694,19-22,Female,State,100%,No,No,Private,0,Always,Yes,No,No,Yes,AA
STUDENT695,23-27,Male,State,50%,Yes,No,Bus,8,Always,No,Yes,Yes,No,BB
STUDENT696,19-22,Female,State,100%,Yes,Yes,Private,8,Always,Yes,Yes,Yes,Yes,BA
STUDENT697,18,Male,State,75%,No,No,Private,0,Always,No,Yes,Yes,Yes,CC
STUDENT698,19-22,Male,State,50%,No,No,Private,2,Never,No,No,No,Yes,AA
STUDENT699,19-22,Male,State,50%,No,No,Private,2,Never,No,Yes,No,Yes,BA
STUDENT700,18,Male,State,75%,No,Yes,Private,0,Always,No,No,No,Yes,DD
STUDENT701,19-22,Male,State,50%,No,No,Private,0,Always,Yes,No,No,Yes,BA
STUDENT702,19-22,Male,State,50%,Yes,Yes,Bus,2,Sometimes,No,No,Yes,Yes,AA
STUDENT703,19-22,Female,State,100%,Yes,Yes,Private,8,Always,Yes,Yes,Yes,Yes,BA
STUDENT704,23-27,Male,State,75%,Yes,Yes,Private,12,Never,No,No,Yes,Yes,BA
STUDENT705,18,Male,State,100%,No,Yes,Bus,0,Never,No,Yes,No,No,AA
STUDENT706,18,Male,Private,50%,Yes,No,Private,0,Always,Yes,Yes,Yes,No,AA
STUDENT707,19-22,Male,State,100%,No,No,Private,0,Always,Yes,No,Yes,Yes,BA
STUDENT708,18,Female,State,100%,No,Yes,Private,0,Always,Yes,No,No,No,AA
STUDENT709,18,Male,State,100%,No,No,Private,2,Always,Yes,Yes,Yes,No,CB
STUDENT710,18,Female,State,100%,Yes,Yes,Private,0,Always,No,Yes,Yes,No,BA
STUDENT711,18,Male,State,50%,No,No,Bus,0,Always,Yes,No,Yes,No,CB
STUDENT712,19-22,Male,State,50%,No,No,Private,2,Always,Yes,No,Yes,No,BA
STUDENT713,18,Female,Private,100%,No,No,Private,12,Always,Yes,No,Yes,No,BB
STUDENT714,18,Female,Private,75%,No,No,Private,0,Always,Yes,No,No,No,Fail
STUDENT715,19-22,Male,State,50%,No,No,Private,2,Always,Yes,No,Yes,No,BA
STUDENT716,19-22,Male,Other,50%,Yes,Yes,Private,12,Always,No,No,No,No,AA
STUDENT717,18,Female,Private,100%,No,Yes,Private,0,Always,Yes,No,No,Yes,BA
STUDENT718,19-22,Male,State,50%,No,No,Bus,0,Always,Yes,No,No,No,CC
STUDENT719,19-22,Female,Private,100%,No,Yes,Private,2,Sometimes,Yes,Yes,No,Yes,DC
STUDENT720,19-22,Male,State,50%,No,No,Private,2,Never,No,Yes,No,Yes,BA
STUDENT721,19-22,Male,State,50%,No,No,Private,2,Never,No,Yes,No,Yes,BA
STUDENT722,19-22,Female,State,50%,Yes,No,Bus,0,Always,Yes,Yes,No,No,BA
STUDENT723,19-22,Male,State,50%,No,No,Private,2,Never,No,Yes,No,Yes,BA
STUDENT724,18,Female,State,50%,Yes,Yes,Bus,2,Sometimes,No,Yes,Yes,Yes,BA
STUDENT725,19-22,Female,Other,50%,Yes,No,Private,0,Sometimes,No,Yes,Yes,Yes,BA
STUDENT726,19-22,Male,State,75%,Yes,No,Bus,2,Always,Yes,No,Yes,No,DD
STUDENT727,23-27,Male,State,50%,Yes,No,Private,2,Always,No,Yes,No,Yes,AA
STUDENT728,18,Male,State,75%,No,No,Private,0,Sometimes,No,Yes,Yes,Yes,DC
STUDENT729,19-22,Male,State,50%,No,No,Private,2,Always,Yes,No,Yes,Yes,BA
STUDENT730,19-22,Male,State,50%,No,No,Bus,0,Always,No,Yes,No,No,BB
STUDENT731,19-22,Male,State,75%,No,No,Bus,2,Always,Yes,Yes,Yes,No,CC
STUDENT732,23-27,Male,State,50%,No,No,Bus,12,Always,Yes,Yes,Yes,No,BB
STUDENT733,19-22,Female,Private,100%,No,Yes,Private,2,Sometimes,Yes,Yes,No,Yes,DC
STUDENT734,19-22,Female,Private,50%,Yes,Yes,Bus,2,Sometimes,No,No,Yes,Yes,AA
STUDENT735,19-22,Female,State,50%,No,No,Private,2,Always,Yes,No,No,Yes,AA
STUDENT736,18,Male,State,100%,Yes,No,Bus,0,Never,No,No,Yes,No,AA
STUDENT737,19-22,Female,State,75%,No,No,Bus,0,Always,Yes,No,No,Yes,CC
STUDENT738,18,Female,Private,100%,No,Yes,Private,0,Always,No,No,Yes,Yes,BA
STUDENT739,18,Female,Private,50%,Yes,No,Bus,2,Always,No,Yes,No,No,AA
STUDENT740,18,Male,State,,Yes,No,Bus,0,Always,No,Yes,No,No,CB
STUDENT741,18,Male,State,75%,No,No,Private,0,Always,Yes,No,No,No,DD
STUDENT742,18,Male,Other,50%,No,Yes,Private,2,Always,No,Yes,Yes,No,CC
STUDENT743,18,Male,State,,Yes,No,Bus,0,Always,No,Yes,No,No,CB
STUDENT744,19-22,Male,State,50%,No,No,Bus,0,Always,Yes,No,No,No,DC
STUDENT745,19-22,Male,State,50%,No,No,Private,12,Never,No,Yes,No,Yes,BB
STUDENT746,18,Female,State,50%,Yes,Yes,Bus,0,Sometimes,No,No,Yes,No,Fail
STUDENT747,18,Female,State,50%,Yes,Yes,Private,0,Always,Yes,Yes,No,No,AA
STUDENT748,19-22,Male,State,100%,Yes,Yes,Bus,0,Always,No,Yes,Yes,No,CC
STUDENT749,19-22,Female,State,50%,No,No,Bus,0,Always,No,Yes,Yes,Yes,AA
STUDENT750,18,Male,Private,75%,No,No,Private,12,Always,Yes,Yes,No,No,AA
STUDENT751,19-22,Male,State,50%,No,No,Private,2,Always,Yes,No,Yes,Yes,BA
STUDENT752,18,Male,State,50%,No,No,Bus,12,Always,Yes,No,No,No,BA
STUDENT753,18,Male,State,75%,No,No,Private,0,Always,Yes,No,No,No,DD
STUDENT754,18,Female,Private,50%,Yes,No,Bus,2,Always,No,Yes,No,No,AA
STUDENT755,19-22,Female,State,75%,Yes,Yes,Private,0,Always,Yes,Yes,Yes,No,CB
STUDENT756,18,Female,State,100%,No,No,Bus,0,Always,Yes,Yes,Yes,Yes,BB
STUDENT757,23-27,Female,Private,50%,No,Yes,Private,0,Always,No,Yes,No,Yes,AA
STUDENT758,19-22,Female,Other,50%,Yes,No,Private,0,Sometimes,No,Yes,Yes,Yes,BA
STUDENT759,18,Male,State,,Yes,No,Bus,0,Always,No,Yes,No,No,CB
STUDENT760,18,Male,Other,50%,No,Yes,Private,2,Always,No,Yes,Yes,No,CC
STUDENT761,19-22,Female,State,75%,Yes,Yes,Private,0,Always,Yes,Yes,Yes,No,CB
STUDENT762,19-22,Female,State,50%,Yes,Yes,Private,0,Never,No,No,Yes,Yes,BA
STUDENT763,19-22,Male,State,50%,No,No,Bus,0,Always,No,Yes,No,No,BB
STUDENT764,18,Male,State,50%,No,No,Bus,0,Always,Yes,No,Yes,No,CB
STUDENT765,18,Female,Private,100%,No,Yes,Private,0,Always,No,Yes,No,No,BB
STUDENT766,19-22,Female,State,75%,No,No,Bus,0,Always,Yes,No,No,Yes,CC
STUDENT767,23-27,Female,Private,50%,No,Yes,Private,0,Always,No,Yes,No,Yes,AA
STUDENT768,19-22,Male,Other,50%,Yes,Yes,Private,12,Always,No,No,No,No,AA
STUDENT769,18,Female,State,75%,No,No,Private,12,Always,Yes,No,No,No,BA
STUDENT770,18,Male,Private,50%,No,No,Bus,2,Sometimes,No,No,Yes,No,BB
STUDENT771,19-22,Female,Other,50%,Yes,No,Private,0,Sometimes,No,Yes,Yes,Yes,BA
STUDENT772,18,Female,State,75%,Yes,No,Bus,2,Sometimes,No,No,Yes,Yes,Fail
STUDENT773,19-22,Male,State,50%,No,No,Bus,0,Always,Yes,Yes,No,No,CC
STUDENT774,19-22,Male,Other,50%,Yes,No,Private,0,Always,Yes,Yes,No,No,AA
STUDENT775,19-22,Male,State,50%,No,No,Private,0,Always,Yes,No,No,No,DC
STUDENT776,18,Female,State,75%,No,No,Private,0,Never,No,Yes,Yes,No,CC
STUDENT777,19-22,Male,State,75%,No,No,Bus,2,Always,Yes,Yes,Yes,No,CC
STUDENT778,19-22,Male,State,50%,Yes,Yes,Bus,2,Sometimes,No,No,Yes,Yes,AA
STUDENT779,19-22,Male,Other,75%,Yes,No,Bus,12,Always,Yes,Yes,Yes,Yes,BA
STUDENT780,18,Female,State,100%,Yes,Yes,Private,0,Always,No,Yes,Yes,No,BA
STUDENT781,18,Female,State,75%,Yes,Yes,Bus,12,Sometimes,No,No,Yes,Yes,Fail
STUDENT782,19-22,Male,State,50%,No,No,Private,0,Never,No,No,No,Yes,DD
STUDENT783,19-22,Male,Private,25%,No,Yes,Private,2,Always,Yes,Yes,No,No,CB
STUDENT784,19-22,Male,State,50%,No,No,Private,2,Never,No,No,No,Yes,AA
STUDENT785,18,Female,State,100%,No,No,Bus,0,Always,Yes,Yes,Yes,Yes,BB
STUDENT786,19-22,Female,State,50%,No,No,Bus,12,Never,No,Yes,No,No,Fail
STUDENT787,19-22,Male,Private,50%,No,No,Bus,12,Always,Yes,No,Yes,Yes,AA
STUDENT788,18,Female,Private,100%,No,Yes,Private,0,Always,Yes,No,No,Yes,BA
STUDENT789,18,Female,State,50%,Yes,Yes,Private,0,Always,Yes,Yes,Yes,No,BB
STUDENT790,18,Female,Private,75%,No,No,Private,0,Always,Yes,No,No,No,Fail
STUDENT791,18,Female,State,50%,Yes,Yes,Private,0,Always,Yes,Yes,Yes,No,BB
STUDENT792,19-22,Male,Other,50%,No,No,Private,12,Always,Yes,Yes,No,Yes,DD
STUDENT793,19-22,Male,Other,100%,No,No,Private,0,Always,Yes,No,No,Yes,BB
STUDENT794,19-22,Male,State,50%,No,No,Private,0,Never,No,No,Yes,Yes,BB
STUDENT795,18,Male,State,75%,No,No,Private,0,Sometimes,No,Yes,Yes,Yes,DC
STUDENT796,18,Male,State,50%,No,Yes,Bus,0,Always,No,Yes,Yes,Yes,DC
STUDENT797,18,Female,State,100%,No,Yes,Private,0,Always,Yes,No,No,No,AA
STUDENT798,19-22,Female,Other,50%,No,Yes,Bus,0,Always,No,No,No,Yes,CC
STUDENT799,18,Female,Private,75%,No,No,Private,0,Always,Yes,No,No,No,AA
STUDENT800,19-22,Male,State,50%,Yes,Yes,Bus,2,Sometimes,No,No,Yes,Yes,AA
STUDENT801,18,Male,State,,Yes,No,Bus,0,Always,No,Yes,No,No,CB
STUDENT802,19-22,Male,State,50%,No,No,Bus,0,Always,Yes,No,No,No,DC
STUDENT803,18,Male,State,50%,No,Yes,Bus,0,Always,No,No,Yes,No,AA
STUDENT804,19-22,Female,State,75%,Yes,No,Private,0,Always,Yes,No,Yes,No,CC
STUDENT805,18,Male,Other,50%,No,Yes,Private,2,Always,No,Yes,Yes,No,CC
STUDENT806,18,Male,Private,25%,No,No,Bus,2,Sometimes,No,No,No,Yes,DD
STUDENT807,19-22,Female,State,100%,No,No,Private,0,Always,Yes,Yes,Yes,No,AA
STUDENT808,19-22,Female,State,75%,No,Yes,Private,0,Always,No,No,Yes,Yes,BA
STUDENT809,18,Female,State,50%,Yes,Yes,Bus,0,Sometimes,No,No,Yes,No,Fail
STUDENT810,18,Male,State,75%,No,Yes,Private,0,Always,No,Yes,No,No,DD
STUDENT811,18,Male,Private,50%,No,No,Bus,2,Always,Yes,No,Yes,No,BA
STUDENT812,19-22,Male,Other,50%,Yes,No,Private,0,Always,Yes,Yes,No,No,AA
STUDENT813,19-22,Female,State,50%,No,No,Bus,0,Always,No,Yes,Yes,Yes,AA
STUDENT814,19-22,Male,State,75%,No,No,Bus,2,Always,Yes,Yes,Yes,No,CC
STUDENT815,19-22,Male,State,50%,No,Yes,Bus,0,Always,Yes,Yes,No,No,CC
STUDENT816,19-22,Male,State,75%,No,No,Bus,2,Always,Yes,Yes,Yes,No,CC
STUDENT817,18,Male,State,50%,No,No,Private,0,Always,Yes,No,No,No,DD
STUDENT818,18,Female,Other,75%,No,No,Private,0,Always,No,Yes,Yes,No,DC
STUDENT819,18,Female,Private,50%,No,No,Private,12,Sometimes,No,No,No,Yes,BA
STUDENT820,18,Female,State,50%,No,No,Private,0,Sometimes,No,Yes,No,Yes,BB
STUDENT821,19-22,Female,State,100%,No,No,Private,0,Always,Yes,No,No,Yes,AA
STUDENT822,19-22,Male,State,50%,No,Yes,Bus,0,Always,Yes,Yes,No,No,CC
STUDENT823,19-22,Male,Other,75%,No,No,Private,0,Never,No,No,Yes,Yes,CC
STUDENT824,18,Male,Private,50%,No,No,Bus,2,Always,Yes,No,Yes,No,BA
STUDENT825,19-22,Male,Private,50%,No,No,Bus,12,Always,Yes,No,Yes,Yes,AA
STUDENT826,19-22,Male,State,75%,Yes,No,Bus,2,Always,Yes,No,Yes,No,DD
STUDENT827,18,Male,State,100%,No,Yes,Private,0,Always,Yes,No,Yes,Yes,BA
STUDENT828,18,Male,Private,25%,No,No,Bus,2,Sometimes,No,No,No,Yes,DD
STUDENT829,18,Male,Other,50%,No,Yes,Private,2,Always,No,Yes,Yes,No,CC
STUDENT830,18,Female,Private,100%,No,Yes,Private,0,Sometimes,No,Yes,Yes,Yes,CB
STUDENT831,18,Male,State,75%,No,Yes,Bus,0,Always,Yes,Yes,No,Yes,DC
STUDENT832,23-27,Male,State,50%,Yes,No,Private,2,Always,No,Yes,No,Yes,AA
STUDENT833,18,Male,State,75%,No,Yes,Bus,0,Always,Yes,Yes,No,Yes,DC
STUDENT834,19-22,Female,State,50%,No,No,Bus,0,Always,No,Yes,Yes,Yes,AA
STUDENT835,18,Female,Other,75%,No,No,Private,0,Always,No,Yes,Yes,No,DC
STUDENT836,19-22,Male,State,100%,No,No,Private,0,Always,Yes,No,Yes,Yes,BA
STUDENT837,18,Male,Private,75%,No,No,Bus,12,Always,No,Yes,Yes,No,DD
STUDENT838,19-22,Female,State,100%,No,No,Private,0,Always,Yes,No,No,Yes,AA
STUDENT839,23-27,Male,State,50%,Yes,No,Private,0,Always,No,Yes,No,No,BB
STUDENT840,18,Female,State,75%,Yes,Yes,Bus,0,Always,No,No,Yes,Yes,BB
STUDENT841,18,Male,State,75%,No,Yes,Bus,0,Sometimes,No,No,No,No,DD
STUDENT842,19-22,Male,State,50%,Yes,No,Bus,0,Always,Yes,Yes,Yes,No,BB
STUDENT843,19-22,Male,State,50%,No,No,Private,0,Never,No,No,Yes,Yes,BB
STUDENT844,18,Female,Private,75%,No,No,Private,0,Always,Yes,No,No,No,AA
STUDENT845,18,Female,Private,100%,No,No,Private,12,Always,Yes,No,Yes,No,BB
STUDENT846,19-22,Female,State,50%,Yes,No,Private,2,Always,Yes,Yes,Yes,No,AA
STUDENT847,18,Male,Private,75%,No,No,Bus,12,Always,No,Yes,Yes,No,DD
STUDENT848,18,Male,Private,75%,No,No,Bus,12,Always,No,Yes,Yes,No,DD
STUDENT849,19-22,Male,State,100%,No,No,Private,0,Always,Yes,No,Yes,Yes,BA
STUDENT850,18,Female,State,100%,No,No,Bus,0,Always,Yes,Yes,Yes,Yes,BB
STUDENT851,19-22,Male,State,50%,No,No,Bus,0,Always,Yes,No,No,No,CC
STUDENT852,18,Female,State,75%,No,Yes,Private,0,Sometimes,No,Yes,Yes,Yes,AA
STUDENT853,23-27,Male,State,50%,Yes,No,Private,2,Always,No,Yes,No,Yes,AA
STUDENT854,23-27,Male,State,75%,Yes,Yes,Private,12,Never,No,No,Yes,Yes,BA
STUDENT855,19-22,Male,State,50%,No,No,Private,2,Never,No,Yes,No,Yes,BA
STUDENT856,19-22,Female,State,50%,No,No,Private,2,Always,Yes,No,No,Yes,AA
STUDENT857,19-22,Male,State,50%,Yes,Yes,Bus,2,Sometimes,No,No,Yes,Yes,AA
STUDENT858,18,Male,State,75%,No,Yes,Bus,0,Sometimes,No,No,No,No,DD
STUDENT859,19-22,Female,State,50%,No,No,Private,2,Always,Yes,No,No,Yes,AA
STUDENT860,18,Male,State,100%,No,No,Private,2,Always,Yes,Yes,Yes,No,CB
STUDENT861,18,Male,State,50%,No,No,Bus,12,Always,Yes,No,No,No,BA
STUDENT862,19-22,Female,State,50%,No,No,Bus,12,Never,No,Yes,No,No,Fail
STUDENT863,19-22,Male,Private,50%,No,No,Bus,12,Always,Yes,No,Yes,Yes,AA
STUDENT864,18,Male,State,100%,No,Yes,Private,0,Always,Yes,No,Yes,Yes,BA
STUDENT865,19-22,Male,State,75%,No,No,Private,0,Always,No,Yes,Yes,No,DC
STUDENT866,18,Male,State,75%,No,Yes,Bus,0,Sometimes,No,No,No,No,DD
STUDENT867,23-27,Female,Private,50%,No,Yes,Private,0,Always,No,Yes,No,Yes,AA
STUDENT868,19-22,Male,State,50%,Yes,Yes,Bus,2,Sometimes,No,No,Yes,Yes,AA
STUDENT869,19-22,Female,State,50%,Yes,Yes,Private,0,Always,No,Yes,No,Yes,CC
STUDENT870,19-22,Male,State,50%,No,No,Bus,0,Always,Yes,Yes,No,No,CC
STUDENT871,19-22,Female,Private,100%,No,Yes,Private,2,Sometimes,Yes,Yes,No,Yes,DC
STUDENT872,23-27,Male,State,75%,Yes,Yes,Private,12,Never,No,No,Yes,Yes,BA
STUDENT873,19-22,Female,State,50%,Yes,Yes,Private,0,Never,No,No,Yes,Yes,BA
STUDENT874,19-22,Male,Private,50%,No,No,Bus,12,Always,Yes,No,Yes,Yes,AA
STUDENT875,19-22,Male,State,50%,No,No,Bus,0,Always,Yes,Yes,No,No,CC
STUDENT876,19-22,Male,Other,50%,Yes,Yes,Private,12,Always,No,No,No,No,AA
STUDENT877,18,Male,State,75%,No,Yes,Private,0,Always,No,Yes,No,No,DD
STUDENT878,18,Female,State,50%,Yes,Yes,Private,0,Always,Yes,Yes,Yes,No,BB
STUDENT879,19-22,Male,State,50%,No,No,Bus,0,Always,Yes,No,No,No,DC
STUDENT880,19-22,Female,State,100%,Yes,Yes,Private,8,Always,Yes,Yes,Yes,Yes,BA
STUDENT881,18,Male,Private,75%,No,No,Private,12,Always,Yes,Yes,No,No,AA
STUDENT882,19-22,Male,State,50%,No,No,Bus,0,Always,No,Yes,No,No,BB
STUDENT883,19-22,Male,State,50%,No,Yes,Private,0,Never,No,Yes,No,Yes,AA
STUDENT884,19-22,Male,State,50%,No,Yes,Bus,0,Always,Yes,Yes,No,No,AA
STUDENT885,19-22,Female,State,75%,Yes,No,Private,0,Always,Yes,No,Yes,No,CC
STUDENT886,18,Female,Private,50%,No,No,Private,12,Sometimes,No,No,No,Yes,BA
STUDENT887,19-22,Male,State,75%,No,No,Private,0,Always,No,Yes,Yes,No,DC
STUDENT888,18,Male,Private,75%,No,No,Bus,12,Always,No,Yes,Yes,No,DD
STUDENT889,19-22,Male,State,50%,Yes,Yes,Bus,2,Sometimes,No,No,Yes,Yes,AA
STUDENT890,18,Female,State,100%,No,No,Bus,0,Always,Yes,Yes,Yes,Yes,BB
STUDENT891,19-22,Male,State,50%,Yes,No,Bus,0,Always,Yes,Yes,Yes,No,BB
STUDENT892,19-22,Male,State,50%,No,No,Bus,0,Always,Yes,Yes,No,No,CC
STUDENT893,19-22,Male,State,50%,No,No,Private,0,Always,Yes,No,No,No,DC
STUDENT894,18,Male,State,50%,No,No,Bus,8,Always,Yes,No,Yes,No,BB
STUDENT895,18,Male,State,75%,No,Yes,Private,0,Always,No,No,No,Yes,DD
STUDENT896,18,Female,State,75%,Yes,No,Bus,2,Sometimes,No,No,Yes,Yes,Fail
STUDENT897,19-22,Female,State,50%,Yes,Yes,Private,0,Always,No,Yes,No,Yes,CC
STUDENT898,18,Male,Private,75%,No,No,Bus,12,Always,No,Yes,Yes,No,DD
STUDENT899,19-22,Male,State,50%,No,No,Private,2,Never,No,Yes,No,Yes,BA
STUDENT900,18,Male,Private,75%,No,No,Bus,12,Always,No,Yes,Yes,No,DD
STUDENT901,19-22,Male,State,50%,No,Yes,Bus,0,Always,Yes,Yes,No,No,CC
STUDENT902,19-22,Male,State,50%,No,No,Private,0,Never,No,No,No,Yes,DD
STUDENT903,19-22,Male,Other,50%,Yes,Yes,Private,12,Always,No,No,No,No,AA
STUDENT904,18,Female,Private,100%,No,Yes,Private,0,Always,No,Yes,No,No,BB
STUDENT905,19-22,Female,State,75%,No,Yes,Private,0,Always,No,No,Yes,Yes,BA
STUDENT906,19-22,Male,Other,75%,Yes,No,Bus,12,Always,Yes,Yes,Yes,Yes,BA
STUDENT907,18,Female,Other,75%,No,No,Private,0,Always,No,Yes,Yes,No,DC
STUDENT908,18,Female,Private,75%,Yes,Yes,Bus,12,Sometimes,No,Yes,No,Yes,BB
STUDENT909,18,Male,State,75%,Yes,Yes,Private,0,Always,Yes,No,No,No,DD
STUDENT910,19-22,Male,State,100%,Yes,Yes,Bus,0,Always,No,Yes,Yes,No,DC
STUDENT911,19-22,Male,State,100%,Yes,Yes,Bus,0,Always,No,Yes,Yes,No,CC
STUDENT912,19-22,Female,State,50%,Yes,Yes,Bus,0,Sometimes,Yes,Yes,Yes,No,Fail
STUDENT913,18,Female,State,50%,Yes,Yes,Bus,0,Sometimes,No,No,Yes,No,Fail
STUDENT914,19-22,Male,State,50%,No,No,Bus,2,Sometimes,Yes,Yes,Yes,Yes,AA
STUDENT915,23-27,Male,State,50%,No,No,Bus,0,Never,No,No,No,No,BB
STUDENT916,19-22,Female,State,50%,No,No,Bus,0,Always,No,Yes,Yes,Yes,AA
STUDENT917,18,Male,Private,50%,No,No,Private,2,Always,Yes,No,Yes,Yes,AA
STUDENT918,18,Female,Private,50%,No,No,Private,12,Sometimes,No,No,No,Yes,BA
STUDENT919,19-22,Male,Other,50%,Yes,No,Private,0,Always,Yes,Yes,No,No,AA
STUDENT920,18,Male,State,50%,No,No,Bus,8,Always,Yes,No,Yes,No,BB
STUDENT921,18,Male,State,75%,No,No,Private,0,Sometimes,No,Yes,Yes,Yes,DC
STUDENT922,19-22,Male,State,50%,No,No,Private,0,Always,Yes,No,No,No,DC
STUDENT923,18,Male,Private,50%,No,Yes,Bus,0,Sometimes,No,Yes,No,Yes,DD
STUDENT924,19-22,Male,State,50%,No,Yes,Private,0,Always,Yes,Yes,Yes,No,CC
STUDENT925,19-22,Male,Other,50%,Yes,No,Private,0,Always,Yes,Yes,No,No,AA
STUDENT926,19-22,Male,State,50%,No,No,Private,0,Never,No,No,Yes,Yes,BB
STUDENT927,19-22,Male,State,50%,No,No,Private,12,Never,No,Yes,No,Yes,BB
STUDENT928,19-22,Female,State,100%,Yes,Yes,Private,8,Always,Yes,Yes,Yes,Yes,BA
STUDENT929,18,Female,Private,75%,No,No,Private,0,Always,Yes,No,No,No,AA
STUDENT930,19-22,Female,State,50%,Yes,No,Private,2,Always,Yes,Yes,Yes,No,AA
STUDENT931,18,Female,State,50%,Yes,Yes,Bus,0,Sometimes,No,No,Yes,No,Fail
STUDENT932,19-22,Male,State,50%,No,Yes,Private,0,Always,Yes,Yes,Yes,No,CC
STUDENT933,19-22,Female,State,100%,No,No,Private,0,Always,Yes,Yes,Yes,No,AA
STUDENT934,18,Male,Private,50%,No,No,Bus,2,Always,Yes,No,Yes,No,BA
STUDENT935,19-22,Male,State,50%,No,No,Private,0,Never,No,No,Yes,Yes,BB
STUDENT936,19-22,Male,State,50%,No,No,Private,2,Always,Yes,No,Yes,No,BA
STUDENT937,19-22,Male,State,50%,No,No,Private,0,Always,Yes,No,No,No,DC
STUDENT938,18,Male,State,75%,No,No,Private,0,Always,Yes,No,No,No,DD
STUDENT939,19-22,Male,State,50%,Yes,Yes,Bus,2,Sometimes,No,No,Yes,Yes,AA
STUDENT940,18,Female,State,50%,Yes,Yes,Private,0,Always,Yes,Yes,Yes,No,BB
STUDENT941,18,Female,State,75%,No,Yes,Private,0,Sometimes,No,Yes,Yes,Yes,AA
STUDENT942,19-22,Female,State,50%,No,Yes,Bus,0,Sometimes,No,No,Yes,Yes,DC
STUDENT943,18,Female,State,100%,No,Yes,Private,0,Always,Yes,No,No,No,AA
STUDENT944,18,Female,State,75%,No,No,Private,0,Never,No,No,No,Yes,AA
STUDENT945,18,Female,State,75%,Yes,Yes,Private,0,Always,No,Yes,Yes,No,DC
STUDENT946,19-22,Male,State,50%,No,No,Private,2,Always,Yes,No,Yes,No,BA
STUDENT947,19-22,Male,State,50%,No,Yes,Private,2,Always,Yes,No,No,Yes,DC
STUDENT948,23-27,Male,State,50%,No,No,Bus,0,Never,No,No,No,No,BB
STUDENT949,19-22,Male,State,50%,No,No,Private,0,Never,No,No,Yes,Yes,BB
STUDENT950,19-22,Female,Other,50%,No,No,Private,0,Never,No,Yes,No,Yes,AA
STUDENT951,18,Male,State,50%,No,Yes,Bus,0,Always,No,No,Yes,No,AA
STUDENT952,19-22,Female,State,50%,Yes,No,Bus,0,Sometimes,Yes,Yes,Yes,Yes,CB
STUDENT953,19-22,Male,Other,50%,No,No,Private,12,Always,Yes,Yes,No,Yes,DD
STUDENT954,18,Female,State,50%,No,No,Private,0,Sometimes,No,Yes,No,Yes,BB
STUDENT955,23-27,Female,Private,50%,No,Yes,Private,0,Always,No,Yes,No,Yes,AA
STUDENT956,18,Male,State,100%,No,No,Private,2,Always,Yes,Yes,Yes,No,CB
STUDENT957,19-22,Male,State,50%,No,No,Private,0,Never,No,No,Yes,Yes,BB
STUDENT958,18,Male,Private,75%,No,No,Bus,12,Always,No,Yes,Yes,No,DD
STUDENT959,18,Male,State,50%,No,Yes,Bus,0,Always,No,No,Yes,No,AA
STUDENT960,18,Male,State,75%,No,Yes,Bus,0,Always,Yes,Yes,Yes,Yes,DD
STUDENT961,19-22,Male,Other,50%,Yes,No,Private,0,Always,Yes,Yes,No,No,AA
STUDENT962,19-22,Female,State,50%,Yes,Yes,Private,0,Always,No,Yes,No,Yes,CC
STUDENT963,18,Male,State,100%,No,Yes,Private,0,Always,Yes,No,Yes,Yes,BA
STUDENT964,18,Male,Other,50%,No,Yes,Private,2,Always,No,Yes,Yes,No,CC
STUDENT965,23-27,Male,State,50%,Yes,No,Private,0,Always,No,Yes,No,No,BB
STUDENT966,23-27,Male,State,50%,No,No,Bus,0,Never,No,No,No,No,BB
STUDENT967,18,Male,State,50%,No,Yes,Bus,0,Always,No,No,Yes,No,AA
STUDENT968,19-22,Male,Other,75%,No,No,Private,0,Never,No,No,Yes,Yes,CC
STUDENT969,19-22,Female,State,75%,Yes,Yes,Bus,12,Sometimes,No,Yes,No,Yes,CB
STUDENT970,18,Female,State,75%,No,No,Private,12,Always,Yes,No,No,No,BA
STUDENT971,19-22,Male,State,50%,No,No,Private,0,Always,Yes,No,No,Yes,BA
STUDENT972,19-22,Male,Other,50%,Yes,No,Private,0,Always,Yes,Yes,No,No,AA
STUDENT973,18,Male,Private,25%,No,No,Bus,2,Sometimes,No,No,No,Yes,DD
STUDENT974,19-22,Female,State,100%,Yes,Yes,Private,8,Always,Yes,Yes,Yes,Yes,BA
STUDENT975,19-22,Female,Other,50%,Yes,No,Private,0,Sometimes,No,Yes,Yes,Yes,BA
STUDENT976,19-22,Female,Other,50%,No,No,Private,0,Never,No,Yes,No,Yes,AA
STUDENT977,19-22,Male,State,50%,No,No,Private,0,Never,No,No,Yes,Yes,BB
STUDENT978,18,Female,Private,100%,No,Yes,Private,0,Sometimes,No,Yes,Yes,Yes,CB
STUDENT979,18,Female,State,75%,No,Yes,Bus,0,Never,No,No,No,Yes,Fail
STUDENT980,18,Female,State,50%,Yes,Yes,Bus,2,Sometimes,No,Yes,Yes,Yes,BA
STUDENT981,19-22,Male,State,50%,No,No,Private,12,Never,No,Yes,No,Yes,BB
STUDENT982,18,Male,State,50%,No,No,Bus,0,Always,No,No,Yes,Yes,DD
STUDENT983,18,Female,State,50%,Yes,Yes,Private,0,Always,Yes,Yes,No,No,AA
STUDENT984,23-27,Male,State,50%,Yes,No,Private,0,Always,No,Yes,No,No,BB
STUDENT985,19-22,Female,State,50%,No,No,Bus,12,Never,No,Yes,No,No,Fail
STUDENT986,18,Male,Private,50%,No,Yes,Bus,0,Sometimes,No,Yes,No,Yes,DD
STUDENT987,19-22,Female,Other,50%,No,No,Private,12,Always,Yes,No,No,No,AA
STUDENT988,19-22,Male,State,75%,No,No,Private,0,Never,No,No,Yes,Yes,CC
STUDENT989,19-22,Male,State,50%,No,No,Private,12,Never,No,Yes,No,Yes,BB
STUDENT990,23-27,Male,State,50%,Yes,No,Private,0,Always,No,Yes,No,No,BB
STUDENT991,18,Female,State,75%,No,Yes,Private,0,Sometimes,No,Yes,Yes,Yes,AA
STUDENT992,18,Male,State,50%,No,No,Private,0,Always,Yes,No,No,No,DD
STUDENT993,18,Female,State,50%,Yes,Yes,Bus,2,Sometimes,No,Yes,Yes,Yes,BA
STUDENT994,19-22,Male,Other,100%,No,No,Private,0,Always,Yes,No,No,Yes,BB
STUDENT995,19-22,Male,State,50%,No,Yes,Private,0,Always,Yes,Yes,Yes,No,CC
STUDENT996,19-22,Male,State,50%,No,No,Bus,0,Always,Yes,No,No,No,CC
STUDENT997,18,Female,Other,75%,No,No,Private,0,Always,No,Yes,Yes,No,DC
STUDENT998,19-22,Female,State,50%,No,Yes,Private,2,Always,Yes,Yes,Yes,No,CC
STUDENT999,19-22,Male,State,50%,No,No,Bus,0,Always,Yes,No,No,No,CC
STUDENT1000,19-22,Male,State,50%,No,No,Bus,2,Sometimes,Yes,Yes,Yes,Yes,AA
