study_hours,attendance,sleep_hours,assignments_completed,internet_usage,previous_grade,participation,mock_test_score,class_interaction,extra_classes_attended,final_result
4.37,43.1,4.84,2.08,6.31,66.34,9.61,93.21,4.07,5.21,Average
9.56,71.88,5.39,0.27,1.17,63.54,7.64,62.64,1.65,9.76,Good
7.59,72.44,4.89,1.81,1.15,31.79,4.18,32.64,4.69,1.26,Poor
6.39,78.25,4.44,5.83,3.27,53.89,3.67,75.67,3.8,0.17,Average
2.4,83.57,4.6,4.21,4.42,56.61,4.15,83.46,7.09,7.7,Average
2.4,98.55,6.3,8.93,6.39,57.92,7.97,45.34,6.45,8.07,Average
1.52,70.98,5.03,8.17,5.78,70.61,6.95,88.57,4.28,1.2,Average
8.8,59.38,5.82,3.42,4.12,67.35,2.67,92.49,2.96,2.66,Average
6.41,87.71,6.52,2.59,2.92,72.55,2.57,42.15,9.89,0.18,Average
7.37,56.25,7.45,3.8,7.98,83.54,1.89,98.68,5.09,2.93,Average
1.19,66.34,4.2,5.9,3.98,86.91,6.94,31.26,7.19,7.73,Poor
9.73,44.71,8.0,2.68,4.16,80.27,7.88,36.16,2.26,5.18,Average
8.49,41.52,7.14,6.24,2.15,96.89,3.39,34.74,5.37,3.48,Average
2.91,97.76,4.41,4.09,6.56,31.28,1.19,91.52,1.25,3.72,Poor
2.64,90.16,8.37,5.52,5.86,43.7,1.74,72.34,5.55,0.01,Poor
2.65,81.76,8.6,4.36,2.55,30.53,9.71,32.17,9.68,3.0,Average
3.74,64.54,4.31,2.94,1.58,75.32,3.66,55.23,4.46,6.46,Poor
5.72,50.4,5.38,9.48,5.76,92.86,7.92,69.22,1.35,9.74,Average
4.89,49.39,8.03,7.64,5.58,47.04,6.62,26.68,1.28,8.47,Poor
3.62,55.01,7.74,1.4,2.91,94.89,4.44,90.59,4.49,0.24,Average
6.51,72.95,4.92,8.68,7.66,34.22,2.85,84.29,2.44,8.99,Average
2.26,82.88,5.05,4.87,2.06,95.41,2.09,60.42,1.21,7.83,Average
3.63,79.61,5.85,8.95,4.03,54.61,6.54,97.37,7.81,7.8,Good
4.3,56.8,6.42,8.0,7.61,37.1,7.97,53.42,5.13,4.58,Average
5.1,97.29,7.09,4.25,3.94,64.01,6.8,98.73,3.6,3.98,Good
8.07,84.27,5.84,0.22,5.47,47.97,5.77,73.43,9.1,3.03,Average
2.8,73.26,6.31,2.69,3.78,49.94,1.38,70.77,2.05,0.66,Poor
5.63,76.7,7.74,5.42,2.92,51.51,9.72,33.28,9.6,2.28,Average
6.33,65.18,4.18,6.33,7.89,86.21,8.19,90.55,3.83,2.47,Average
1.42,54.86,5.26,2.58,3.87,67.74,3.64,54.2,9.0,4.84,Poor
6.47,61.36,7.57,1.39,7.26,51.79,9.82,32.98,6.43,7.47,Poor
2.53,85.47,8.48,8.35,2.61,72.72,6.42,21.01,8.44,4.74,Average
1.59,40.86,6.56,9.84,2.49,80.13,6.24,64.78,9.86,0.58,Average
9.54,46.96,6.66,5.26,1.22,49.08,7.73,62.19,3.6,9.58,Good
9.69,42.76,4.54,1.72,5.56,58.95,8.31,77.55,9.65,9.43,Good
8.28,42.44,6.24,2.72,3.58,38.53,6.91,91.22,4.51,7.85,Average
3.74,91.33,6.66,0.18,7.05,42.68,2.15,26.35,4.47,9.91,Poor
1.88,82.22,5.21,9.14,4.31,77.68,4.04,78.52,4.06,5.44,Average
7.16,68.45,5.35,1.18,7.78,42.7,9.35,34.99,5.87,9.63,Average
4.96,45.87,5.89,5.77,2.3,66.76,3.02,88.65,2.39,0.76,Average
2.1,69.5,4.1,2.74,7.08,79.63,4.35,85.53,5.98,3.66,Poor
5.46,68.41,5.61,5.54,6.44,37.48,4.89,63.26,5.88,2.25,Poor
1.31,50.39,5.06,6.51,6.4,69.71,4.95,76.82,7.86,1.96,Poor
9.18,66.03,5.64,8.3,6.91,47.96,6.52,45.15,8.5,1.41,Average
3.33,63.91,4.6,2.06,6.33,97.4,9.49,57.69,4.96,6.22,Average
6.96,76.95,8.45,0.11,5.38,63.85,3.17,85.73,3.72,7.81,Average
3.81,78.11,6.97,1.37,1.92,86.42,2.09,56.74,3.33,5.78,Poor
5.68,42.72,7.4,9.0,1.23,68.52,2.78,48.62,2.75,1.47,Average
5.92,62.48,7.95,8.74,7.45,33.04,8.98,59.54,1.52,8.11,Average
2.66,77.55,6.49,5.97,5.32,74.32,6.81,86.26,4.08,6.36,Average
9.73,70.19,4.43,6.01,6.58,96.6,3.57,46.82,3.43,3.88,Average
7.98,91.39,6.69,6.65,4.37,72.11,8.34,33.9,9.7,6.74,Good
9.46,79.52,6.93,1.75,1.82,87.34,8.75,76.96,6.02,2.6,Good
9.05,49.78,7.73,9.14,1.88,91.89,8.62,86.08,4.13,3.45,Good
6.38,44.23,6.16,4.19,5.8,45.97,9.27,28.05,6.22,9.17,Average
9.3,78.55,4.64,3.83,4.01,44.84,3.27,39.19,2.25,2.91,Average
1.8,41.59,5.42,5.19,2.4,72.77,7.8,31.36,5.0,4.7,Poor
2.76,75.15,5.82,0.47,4.44,58.77,5.14,47.84,6.64,8.9,Poor
1.41,96.41,7.23,1.66,1.45,88.79,8.58,56.03,5.4,7.08,Average
3.93,74.53,6.85,7.38,5.07,93.0,7.56,79.91,4.62,0.62,Average
4.5,63.29,5.78,0.83,2.88,54.74,7.99,72.09,9.94,1.47,Average
3.44,78.6,8.93,6.03,6.58,46.58,6.91,69.67,8.92,0.08,Average
8.46,67.5,7.03,2.45,3.17,84.64,2.6,48.19,6.61,6.31,Average
4.21,72.74,5.19,3.89,4.19,49.24,5.91,87.32,6.12,4.48,Average
3.53,96.49,4.51,2.89,1.08,87.58,9.86,57.7,6.59,1.34,Good
5.88,63.17,4.76,3.56,1.51,59.66,9.44,98.33,2.81,9.58,Good
2.27,97.67,5.23,7.19,3.75,76.73,1.39,70.73,4.56,5.3,Average
8.22,94.32,4.8,2.97,4.36,36.69,2.48,30.1,1.36,2.42,Poor
1.67,51.75,4.93,5.66,5.2,73.67,2.19,74.09,5.28,5.01,Poor
9.88,44.16,5.43,4.76,3.04,61.62,7.53,46.01,5.89,6.8,Average
7.95,46.05,4.87,6.64,5.86,71.06,8.36,74.91,3.05,0.76,Average
2.79,41.09,8.48,9.37,7.02,41.76,2.92,25.57,9.68,2.75,Poor
1.05,45.67,4.4,7.33,6.46,81.58,5.55,33.99,9.19,8.07,Poor
8.34,80.98,6.62,2.15,1.28,90.4,8.57,88.46,7.5,4.6,Good
7.36,44.27,6.05,0.31,4.36,45.17,7.6,38.17,5.8,5.47,Poor
7.56,59.14,8.91,2.62,1.73,36.7,5.88,86.96,8.83,4.33,Good
7.94,90.69,4.56,5.95,2.69,31.65,6.31,42.34,2.18,0.44,Average
1.67,41.4,5.99,0.51,7.91,74.94,5.58,71.43,8.11,1.66,Poor
4.23,88.87,8.85,4.96,2.0,72.5,3.68,75.53,2.12,4.46,Good
2.04,56.91,8.33,5.97,4.49,68.27,6.09,61.01,8.15,2.09,Average
8.77,47.09,8.09,3.34,5.33,46.24,7.2,44.42,3.48,0.5,Average
6.61,81.8,5.29,7.71,5.92,57.36,8.86,37.01,8.89,8.44,Average
3.98,77.74,4.85,1.07,4.92,71.61,6.73,22.66,9.5,9.81,Poor
1.57,92.65,7.34,0.75,1.07,64.77,7.85,44.32,2.34,7.93,Poor
3.8,84.1,8.65,7.28,3.29,99.14,2.44,72.25,5.16,8.54,Good
3.93,88.21,6.78,4.95,4.62,39.55,5.15,95.06,9.83,2.42,Average
7.57,56.92,6.86,6.88,1.62,78.66,1.08,89.7,5.35,9.61,Good
6.74,50.65,5.4,4.35,3.45,58.3,3.22,81.29,8.77,1.97,Average
8.98,85.04,7.85,2.46,1.23,59.97,7.54,83.08,6.3,9.51,Good
5.25,88.41,4.94,8.19,1.55,80.23,9.93,73.2,4.38,9.95,Good
2.08,99.43,5.62,7.99,3.78,78.47,1.89,40.82,3.57,7.12,Average
7.42,64.76,6.13,6.95,1.93,99.39,4.61,92.58,2.83,9.81,Good
7.85,62.32,6.54,2.72,4.97,38.99,8.2,73.66,7.86,5.7,Average
6.05,86.58,5.21,5.9,5.83,37.29,2.84,64.84,4.48,2.6,Average
7.94,60.45,4.57,3.61,6.6,80.7,6.0,28.88,5.6,4.37,Poor
5.44,95.85,7.05,0.92,2.4,70.49,7.6,55.76,5.43,5.94,Average
5.7,91.5,5.44,9.17,2.17,49.19,6.54,56.83,6.2,0.73,Good
4.85,65.74,6.91,1.37,1.73,35.56,2.69,89.17,8.79,6.22,Average
1.23,85.05,4.77,9.5,5.46,36.0,4.2,63.73,9.83,9.81,Average
1.97,85.27,6.41,4.46,5.95,92.59,8.05,50.43,4.67,1.9,Poor
1.28,46.19,6.66,1.85,1.22,43.43,5.99,98.14,8.45,7.93,Poor
6.73,94.15,4.26,5.42,7.55,52.64,1.05,28.86,7.88,9.08,Poor
3.83,70.32,5.68,8.73,1.36,45.87,7.85,53.8,6.16,9.44,Average
5.58,89.59,4.67,7.32,4.79,54.85,1.32,23.36,9.6,9.6,Average
9.17,59.2,4.32,8.07,5.96,34.86,7.71,79.19,2.8,5.21,Good
3.24,93.73,8.95,6.59,7.1,66.33,2.82,93.45,1.98,9.77,Good
4.69,63.35,5.61,6.92,6.0,34.73,9.62,42.4,8.69,7.57,Average
7.8,40.65,8.05,8.49,6.61,86.02,4.31,88.67,4.95,1.62,Good
3.06,94.32,5.27,2.5,3.38,46.36,3.94,43.38,8.62,4.77,Poor
1.69,45.48,7.41,4.89,6.7,67.8,2.34,92.86,9.04,7.18,Average
3.61,59.16,7.8,2.21,1.56,91.61,3.75,80.32,1.56,2.47,Average
2.45,97.0,6.98,9.88,7.26,75.56,8.89,84.39,8.95,6.41,Good
9.37,97.04,6.36,9.44,4.83,67.31,9.97,21.44,5.03,6.67,Good
8.27,74.41,6.06,0.39,6.72,52.7,4.31,97.02,5.59,1.63,Average
6.7,77.91,5.74,7.06,4.17,53.31,5.04,78.13,6.64,5.65,Good
8.84,66.91,8.65,9.25,5.51,76.86,7.5,44.38,9.34,7.72,Good
8.23,57.59,8.15,1.81,4.68,99.59,8.98,86.35,1.17,4.99,Good
2.68,59.72,8.83,5.68,6.12,76.33,6.34,42.52,5.29,0.12,Poor
9.03,80.35,4.62,9.15,1.57,69.04,4.52,89.82,7.19,0.09,Good
5.85,85.14,7.65,0.34,1.42,81.15,4.71,29.01,7.5,3.57,Average
8.27,87.49,8.69,6.97,2.73,62.56,7.26,76.29,7.23,9.26,Good
9.06,87.38,4.91,2.97,2.12,34.21,1.03,63.26,2.21,2.29,Average
3.86,45.47,4.33,9.24,7.1,69.36,6.58,27.72,3.69,6.34,Poor
1.99,69.67,7.71,9.71,2.53,97.03,4.2,39.35,4.23,2.22,Average
3.05,43.45,6.87,9.44,7.83,42.27,8.15,20.99,8.24,3.22,Poor
4.84,72.97,8.21,4.74,3.36,78.3,1.84,57.5,3.51,8.48,Average
8.36,66.49,4.7,8.62,2.27,44.07,6.29,44.1,2.9,7.29,Average
8.75,93.26,7.98,8.45,6.53,67.51,5.33,67.87,9.62,0.95,Good
1.06,61.05,5.01,3.19,5.61,36.77,6.78,43.78,1.08,4.29,Poor
5.6,47.02,4.82,8.29,4.49,61.53,1.58,43.99,9.98,0.29,Average
4.76,48.58,4.82,0.37,4.89,82.93,6.22,79.46,7.09,4.81,Poor
3.0,85.69,8.07,5.96,6.03,54.33,6.05,23.85,8.46,6.62,Average
2.08,77.09,7.33,2.3,2.6,76.54,6.05,92.23,3.65,1.19,Average
4.04,46.07,6.62,1.21,7.97,85.68,6.43,88.18,1.13,2.89,Poor
9.49,45.05,5.79,0.77,7.82,94.9,7.09,73.42,7.64,3.98,Average
3.91,82.06,8.39,6.96,5.55,46.42,8.24,67.46,8.51,9.2,Good
5.67,44.37,5.96,3.4,2.4,57.95,3.43,91.38,7.66,9.93,Average
7.33,89.31,8.08,7.25,5.76,40.67,8.43,34.83,2.29,0.45,Average
4.27,82.37,6.2,0.65,1.51,99.47,5.48,26.32,7.78,7.61,Average
9.75,44.88,5.88,3.15,1.21,94.89,1.69,39.16,7.92,3.72,Average
9.66,45.09,6.31,5.39,2.8,67.8,1.53,83.57,6.93,3.92,Good
3.27,99.2,5.51,7.91,4.24,88.94,4.01,22.77,7.9,7.54,Average
5.48,62.46,7.74,3.19,7.08,66.47,8.06,66.62,8.61,9.18,Average
3.71,62.24,6.51,6.26,6.09,73.65,7.37,99.64,6.52,9.51,Good
3.56,88.77,5.16,8.86,6.2,36.24,8.1,88.46,1.8,5.77,Average
1.33,96.83,8.5,6.16,3.98,82.87,5.66,61.72,5.39,3.57,Average
6.49,99.16,5.92,2.33,3.42,38.94,4.96,25.09,1.7,7.88,Poor
5.52,85.2,6.72,0.24,3.6,87.82,2.33,86.51,4.67,2.51,Average
1.46,62.58,8.53,8.7,7.91,84.74,3.95,67.92,4.66,5.64,Average
3.51,45.01,7.12,0.21,1.28,79.61,4.91,29.19,1.59,3.59,Poor
9.17,86.63,4.58,8.75,7.07,32.53,1.8,27.51,4.14,6.57,Average
3.16,73.5,8.7,5.29,5.05,51.22,2.99,92.77,2.0,2.4,Average
2.3,65.45,7.14,9.39,4.07,48.42,6.38,73.54,8.27,1.92,Average
5.41,94.38,5.67,7.99,6.08,55.21,7.62,86.34,9.53,9.18,Good
9.87,46.67,4.7,9.98,4.41,36.13,9.99,90.32,1.65,1.02,Good
3.18,69.56,7.97,3.51,7.11,95.59,9.4,65.74,9.6,5.06,Average
7.05,40.68,7.1,7.67,7.3,68.77,6.78,61.4,5.7,2.21,Good
7.85,68.12,6.67,4.02,3.95,51.39,4.79,54.43,3.7,0.39,Average
3.14,43.38,8.47,4.8,2.94,57.79,6.73,45.36,1.69,0.36,Poor
7.55,47.13,7.94,6.28,5.15,61.3,8.07,54.77,5.51,1.75,Average
4.31,47.05,4.76,8.74,7.39,72.04,2.07,81.91,8.15,8.67,Average
6.69,78.95,5.56,9.84,2.47,66.1,4.69,68.15,7.36,2.82,Good
6.7,84.76,5.24,7.68,5.36,94.36,8.56,91.4,1.45,9.5,Good
5.82,75.0,7.72,4.18,5.42,64.79,4.45,55.47,1.66,5.82,Average
1.81,97.73,4.17,4.21,6.13,99.45,6.15,68.57,4.63,4.37,Average
8.52,62.49,6.85,7.38,1.92,89.6,6.29,70.5,3.66,5.8,Good
3.89,57.14,7.81,2.39,6.01,44.6,2.66,67.34,3.09,5.17,Poor
2.68,92.12,8.38,1.1,7.36,95.14,4.26,76.21,3.53,7.59,Poor
1.37,53.42,5.71,3.55,2.26,38.15,4.01,38.99,8.23,2.82,Poor
6.32,97.79,8.11,2.87,2.66,87.22,1.24,60.99,9.36,3.53,Average
7.1,40.73,4.55,2.96,7.8,56.64,1.22,28.34,4.65,8.94,Poor
1.15,98.19,8.23,2.34,2.27,91.46,8.49,50.76,9.15,9.46,Good
5.61,42.59,4.64,0.42,6.98,90.76,3.46,59.01,3.89,8.93,Poor
3.04,93.47,5.99,0.18,4.45,86.41,5.66,72.18,5.29,4.19,Average
6.81,71.66,7.99,9.88,2.73,85.3,3.69,96.04,3.03,7.8,Good
2.57,99.58,4.75,4.28,7.1,51.33,9.47,68.05,6.76,4.76,Average
7.22,44.43,5.15,3.84,4.12,35.66,3.33,79.49,9.81,4.98,Average
4.48,73.23,7.61,6.8,4.6,58.21,4.87,60.5,6.43,2.05,Average
9.43,98.16,7.6,2.18,3.51,42.15,8.85,70.73,4.22,5.91,Good
2.24,71.39,7.21,9.5,5.15,78.65,8.58,25.67,6.83,1.86,Poor
4.07,77.76,7.47,7.86,2.14,54.23,2.67,40.35,2.11,3.32,Average
2.02,81.74,6.71,0.89,3.74,98.29,8.22,48.95,9.0,8.55,Average
9.32,67.27,5.26,4.18,7.79,74.87,5.12,57.8,5.53,2.07,Average
8.9,77.65,5.73,8.79,2.81,87.57,5.35,23.65,5.04,0.71,Average
3.32,75.06,4.91,9.45,5.6,39.28,2.2,31.2,6.27,0.69,Poor
6.94,94.07,8.54,4.67,3.28,90.34,1.73,42.15,6.62,9.41,Good
8.35,42.73,6.92,6.13,6.41,94.59,7.55,97.72,1.65,5.07,Good
6.0,56.86,6.0,1.67,1.92,64.09,5.47,46.51,7.14,4.09,Average
5.77,97.02,6.31,9.91,7.79,72.44,4.93,58.56,3.18,8.11,Average
3.18,93.42,8.74,2.32,4.18,83.54,7.57,35.69,7.43,8.36,Average
1.84,67.34,4.77,9.43,2.65,42.24,7.89,68.86,8.4,3.32,Average
9.07,77.21,6.93,6.5,1.51,65.18,2.43,42.45,8.24,6.94,Good
9.1,56.64,6.53,6.08,2.19,57.91,6.49,36.56,5.97,7.71,Average
6.7,51.29,7.06,5.13,4.64,40.25,2.22,61.33,5.68,6.55,Average
4.05,67.82,4.09,2.31,3.36,55.73,7.76,20.44,2.29,1.52,Poor
4.14,61.2,8.36,1.77,6.8,34.77,6.91,20.61,7.98,8.76,Poor
7.53,75.02,8.66,2.2,4.02,31.81,9.61,37.53,3.44,5.39,Average
9.07,44.66,6.83,1.86,2.74,39.46,1.62,22.94,5.47,2.82,Poor
8.98,98.46,7.48,7.8,5.32,97.42,1.51,28.64,3.56,4.25,Good
8.02,99.17,8.61,3.5,5.95,68.47,3.54,47.11,2.2,0.38,Average
6.78,81.89,7.54,0.58,2.17,97.61,3.36,84.21,6.67,1.28,Average
1.76,72.17,4.76,9.69,2.17,60.27,3.22,65.76,1.49,7.66,Poor
2.45,58.57,6.88,8.84,1.26,51.83,9.16,61.01,7.74,0.0,Average
9.09,88.83,7.03,9.28,6.15,65.43,3.25,43.48,3.86,4.17,Good
6.46,81.08,6.12,9.95,5.65,60.77,3.45,94.54,1.0,5.23,Good
1.08,49.76,7.68,1.74,4.32,37.4,7.83,51.76,5.6,0.55,Poor
1.91,94.66,8.67,3.96,6.91,74.86,5.05,26.97,1.42,9.73,Poor
6.97,89.35,8.63,7.58,6.64,45.12,7.99,69.37,3.49,2.26,Good
1.05,96.99,6.25,6.96,5.1,73.37,1.59,29.11,7.36,3.04,Poor
2.45,83.54,4.57,1.54,7.08,75.51,5.39,47.62,1.56,3.04,Poor
5.94,76.8,8.92,8.16,2.44,40.64,1.3,60.59,8.55,2.3,Average
7.23,65.09,8.19,2.24,1.78,34.29,1.56,89.94,1.03,0.01,Average
6.87,95.96,4.62,2.24,2.89,84.65,9.16,59.48,3.22,7.29,Average
3.02,91.96,8.6,5.37,1.4,62.19,2.25,76.18,7.67,9.67,Good
7.41,42.71,8.35,5.93,4.72,34.07,5.79,99.43,3.85,2.24,Average
3.14,41.58,6.59,5.8,7.56,99.64,4.7,30.52,1.92,6.63,Poor
3.93,62.59,6.96,0.91,1.28,34.04,4.13,41.98,4.24,7.42,Poor
7.72,88.63,6.0,8.77,1.85,78.65,9.1,51.57,3.43,8.48,Good
6.85,99.24,4.27,2.66,4.17,98.86,1.2,53.75,8.58,4.23,Good
8.64,49.03,5.68,1.3,7.54,46.74,6.97,52.88,3.82,3.03,Poor
6.92,75.65,8.01,8.89,3.21,39.96,9.67,92.61,8.1,3.25,Good
6.11,62.85,4.02,9.56,4.55,38.5,6.04,77.12,9.03,7.13,Average
1.84,98.19,5.67,8.62,1.29,51.23,9.43,68.63,4.9,8.17,Good
4.31,90.53,5.99,8.1,2.04,37.07,1.47,44.75,9.19,1.82,Average
3.39,90.3,6.69,6.55,7.91,78.45,4.77,85.9,4.4,3.71,Good
3.2,68.12,8.6,5.51,7.76,34.36,3.34,96.4,9.68,9.02,Average
9.76,64.89,5.73,0.87,1.03,65.66,7.58,85.7,1.8,8.07,Good
4.54,56.4,5.73,4.08,7.66,99.77,9.83,20.13,7.18,9.85,Average
9.03,43.38,7.69,3.73,5.47,86.98,3.31,70.91,5.44,7.54,Good
6.68,91.88,6.26,2.6,7.08,73.07,6.89,24.09,4.49,3.93,Average
8.15,88.77,5.12,7.23,4.18,51.44,2.78,40.61,6.69,5.91,Average
5.52,99.98,6.26,4.96,4.61,73.67,6.09,24.76,7.33,6.61,Average
6.19,99.8,4.7,0.81,4.42,66.89,5.18,68.3,1.04,0.78,Average
5.43,73.33,4.88,2.2,5.67,59.83,9.75,74.93,2.5,5.44,Average
2.76,86.14,6.49,6.83,1.98,39.15,6.48,29.16,7.42,7.09,Average
7.5,96.69,6.09,0.76,1.21,92.06,4.15,50.71,7.0,1.67,Average
3.53,90.98,8.57,8.51,3.16,61.48,2.03,56.5,9.69,7.81,Average
1.22,54.84,5.81,4.95,5.93,43.62,2.36,49.52,7.85,5.84,Poor
6.81,67.03,6.9,4.81,2.41,55.74,3.03,29.68,9.56,9.52,Average
2.59,47.75,7.16,5.92,5.71,58.99,3.26,53.52,7.32,0.42,Poor
9.46,97.24,4.07,8.25,7.79,87.93,8.66,80.09,3.68,2.65,Good
9.59,76.37,7.32,3.48,1.66,81.35,6.05,25.68,1.95,6.02,Average
9.23,53.72,4.89,6.78,5.71,83.85,5.71,26.41,8.04,2.97,Average
4.33,80.3,8.81,5.66,4.11,30.77,2.03,48.38,6.8,7.14,Average
1.14,77.09,4.74,2.67,7.08,59.13,8.74,95.34,1.43,7.59,Average
9.35,61.49,6.07,8.79,2.24,63.69,7.51,73.49,4.24,1.03,Good
4.85,46.81,4.43,7.97,5.85,31.34,1.61,74.29,9.61,5.14,Poor
9.7,80.29,8.98,6.58,6.87,48.19,7.37,48.95,5.5,5.09,Good
9.67,71.22,6.51,8.51,7.61,83.22,5.89,67.49,4.89,3.69,Good
8.68,86.34,6.98,8.67,5.78,39.6,1.74,20.81,5.12,9.33,Average
3.65,71.21,4.34,7.08,4.48,67.47,5.12,70.89,2.88,8.28,Average
4.47,91.13,7.75,8.37,5.32,45.06,5.36,93.06,4.32,6.97,Good
8.66,73.11,5.05,6.97,7.08,30.85,2.49,69.01,4.33,7.14,Average
3.85,73.66,8.49,6.8,4.99,46.88,9.51,89.9,1.47,4.62,Average
2.53,92.6,5.03,6.19,1.21,98.31,8.65,77.92,7.91,9.21,Good
6.01,64.21,4.95,7.53,7.52,86.11,7.02,29.64,4.75,6.95,Average
9.43,48.04,4.18,1.59,5.83,97.17,5.16,92.2,8.4,7.29,Good
7.26,41.73,6.36,8.81,5.74,64.15,4.71,25.32,8.65,8.62,Average
6.13,85.31,6.82,8.72,2.51,37.68,6.86,62.72,2.91,2.74,Good
1.87,77.22,4.33,0.29,5.61,68.36,5.91,31.37,6.92,8.07,Poor
6.54,82.24,7.88,8.26,3.76,61.81,1.56,20.94,5.25,1.95,Average
9.91,52.78,6.27,1.29,5.56,89.1,5.61,53.76,8.92,3.45,Average
2.26,48.18,6.62,3.35,1.75,36.87,8.26,43.6,2.94,3.36,Poor
5.66,40.87,6.2,7.44,5.6,64.18,5.13,58.88,7.1,9.79,Average
8.9,61.04,6.0,1.61,8.0,40.5,1.47,66.18,6.47,8.57,Average
7.67,75.4,6.8,8.18,1.34,52.73,8.08,23.5,3.66,7.01,Good
7.27,63.53,4.78,8.32,7.84,81.61,2.81,29.84,2.23,7.27,Average
7.32,66.25,4.91,5.07,3.85,63.32,3.33,64.69,6.86,5.62,Average
4.24,94.25,8.31,0.06,7.1,56.31,2.48,47.45,7.65,9.47,Poor
3.64,60.9,8.73,2.87,6.48,57.61,3.97,78.33,3.84,4.96,Average
8.28,70.84,5.87,6.17,4.97,62.16,7.81,72.18,6.8,3.81,Good
8.29,87.02,5.35,9.81,6.17,84.95,5.67,87.65,4.56,1.63,Good
8.8,63.79,7.22,6.32,7.15,92.45,2.84,75.4,7.42,7.86,Good
9.22,77.33,6.04,2.6,3.83,96.87,8.9,54.39,2.79,7.34,Good
5.6,91.74,4.13,6.34,3.29,85.08,8.92,73.84,9.01,3.84,Good
5.51,96.97,4.78,5.4,5.67,52.08,8.84,42.03,3.59,0.25,Average
8.18,48.82,7.58,7.8,6.65,78.17,3.15,44.51,4.31,8.39,Average
6.85,95.6,7.29,1.07,6.34,60.63,5.06,83.12,1.52,0.11,Average
7.32,69.53,4.14,7.61,6.58,47.83,9.86,55.71,2.0,7.04,Average
8.16,55.49,5.11,5.41,4.05,88.86,7.95,83.87,5.64,9.7,Good
9.01,67.55,5.16,9.63,6.72,32.69,1.24,85.79,3.41,4.38,Average
4.04,98.8,7.36,3.42,1.84,93.12,1.59,88.6,8.52,2.35,Good
4.38,69.56,4.1,6.33,4.81,62.3,5.18,93.33,1.13,7.05,Average
1.85,59.73,4.52,9.32,1.04,74.6,9.18,54.48,4.41,8.17,Average
6.2,78.0,8.0,1.03,3.27,76.15,5.85,45.51,4.04,5.46,Average
1.32,54.41,4.89,9.37,3.57,92.66,5.48,66.58,1.17,9.67,Average
5.19,44.55,7.26,6.88,3.77,74.57,1.95,49.69,2.12,0.52,Poor
5.88,47.73,5.19,0.68,5.87,72.98,6.91,68.09,4.72,5.05,Average
3.58,47.68,4.5,3.01,3.72,34.67,8.4,76.45,5.44,7.18,Poor
6.32,49.11,5.22,7.08,4.14,66.29,4.42,75.07,4.64,8.63,Average
1.27,48.33,7.61,0.67,2.66,40.51,7.98,49.96,5.78,1.79,Poor
1.34,78.45,8.28,5.82,3.61,81.62,9.68,33.35,6.36,8.0,Average
8.4,50.91,8.15,3.46,2.59,65.86,2.83,54.44,1.09,5.53,Average
4.24,60.74,5.99,6.21,1.51,77.62,5.71,31.41,5.18,3.97,Average
2.14,93.81,7.34,0.46,5.22,32.92,3.58,91.21,9.67,1.32,Poor
5.7,68.44,5.02,8.72,5.68,35.94,8.14,47.67,5.67,8.65,Average
7.93,80.05,5.47,9.73,5.34,80.14,6.2,32.36,7.1,1.57,Good
2.94,50.34,8.48,9.69,4.24,35.05,6.71,22.04,3.81,3.1,Poor
6.61,51.54,4.07,7.5,3.66,34.99,8.18,71.67,7.97,2.9,Average
1.77,42.45,4.43,1.3,7.04,30.85,4.56,70.95,7.96,8.71,Poor
